title|genre
The Sleepwalker|musical
The Phoenix Incident|Thriller
Vampire Journals|short film
Transfer|Horror
Wildest Dreams|romance
Zombiegeddon|Action, Comedy, Sci-Fi
With Friends Like These...|Short Film
One of Them|Drama, Adventure, Action
Men to Boys|""
Passion Lane|Drama
Mulva 2: Kill Teen Ape!|Science fiction, action-adventure film
Martial Law II: Undercover|Comedy
No Logo|Horror
Outside the Law: Stories from Guantanamo|Thriller
Neowolf|Crime Drama
Motives|Thriller
One in a Million|comedy
Night of the Demons III|Horror
Princess of Mars|Action, drama, romance
Hobbs End|Adventure
Hurricane Strip|Drama
Halo Legends|War
Fugitive Rage|Thriller
Lords of the Barrio|action
Labor of Love|documentary
Living Is Winning|Crime
Love on a Leash|biography
Leroy & Stitch|family
Life on Mars|comedy
Loaded Guns: The Movie|science fiction
Lost Prophets: Search for the Collective|horror
Malpractice|Psychological Thriller
Leprechaun in the Hood|comedy
Let Freedom Ring|adventure
Legend of the Chupacabra|drama
The Lifeguard|Mystery
The Fourth Wall|Comedy Romance
The Land Before Time III: The Time of the Great Giving|Documentary
Stripperland|comedy
The Dope Game|Thriller
Strive|horror
The Amazing Bulk|romance
The Mysterious Stone Monuments of Markawasi Peru|drama
Sublime: Stories, Tales, Lies & Exaggerations|action
Vampires and Other Stereotypes|sci-fi adventure
The Prophecy II|""
Wave Babes|Drama
The Skulls II|Drama
White Room|Science fiction
Toe to Toe|Drama
The Stoneman|Comedy
War of the Worlds 2: The Next Wave|Mystery
Vampegeddon|film
The Stick Up Kids|Adventure
Vapid Shallow Models Must Die!|Action
Why Did I Get Married?|Action
The Vulture's Eye|crime
The Pig Who Cried Werewolf|thriller
The Worst Horror Movie Ever Made: The Re-Make|Adventure
Psychos in the Woods|Action
Rank|Adventure
Sombrero|History
Reprisal|Thriller Drama
Return in Red|drama
Pickup|Thriller
Silent Warnings|Comedy
Pop Skull|""
Quiet Nights of Blood and Pain|drama
Runaways|Science Fiction Adventure
Puppet Master 4|Thriller
Playa in the Pulpit|action
RSTC: Reserve Spy Training Corps|animation
Robotech II: The Sentinels|Drama
Snitch in New York|Romance
Slender|""
Terror in the Tropics|horror
Stolen Good|documentary
The Kumite|Romance
The Jena 6|Crime Drama
Conlon Nancarrow: Virtuoso of the Player Piano|comedy
Chick Magnet|Thriller
Chill Out|Documentary
Charlotte's Web 2: Wilbur's Great Adventure|Western
Backstage at Budz House|Comedy
Children of the Living Dead|Thriller horror
Cyclone|Comedy, Drama
Asylum of Terror|Romance
City of Motherly Love|Mystery
Coons! Night of the Bandits of the Night|Horror
Batman Beyond: Return of the Joker|Sports Drama
Barbie as the Princess and the Pauper|Drama
Big Guns|Horror
Chain of Fools|Thriller
Bratz: Pampered Petz|Action Thriller
Christmas Miracle|romance
Catching Up|Horror
Bound by Lies|Comedy
Burning Bush|mystery
Curse of the Wolf|thriller
Chasing Yesterday|Horror
Demons at the Door|Action War Drama
Down the Road|Adventure
Death of a Superhero|horror
Dead Life|Thriller
Enough|comedy
Dark Angel: The Ascent|Fantasy
Death of the Dead|Thriller
Early Release|Comedy
For Amor|mystery
Erza: Fear of a Faceless God|Drama
Dead Cold|Mystery
Dog's Life|Thriller
Fortune Teller|Fantasy
Daniel|Thriller, Mystery, Drama, Horror, Sci-Fi
Dance or Die|Horror
Endless Orgy for the Goddess of Perversion|Horror
Ghoulies IV|Western Romance
Hard Ride to Hell|Romance
Futurama: Into the Wild Green Yonder|young adult action/thriller
Honorable Men|Fantasy
HairKuTT|Biographical Crime Drama
I Am Woman|Drama
Identity Crisis|Crime, Drama
Invisible Mom II|Science Fiction
Area 88|Thriller
Animusic|music
Acedia|Drama
Alien Agent|Science Fiction
50/50|Action, Adventure, Drama
Air Rage|Thriller
Addicted to Murder|Horror, thriller
All About Us|Drama
2-Headed Shark Attack|Drama
3 Musketeers|Romance
A Reckoning|true crime documentary
100 Million BC|sci-fi
American Herro|Drama
A Dangerous Man|Mystery
Beyond the Known World|horror
Blood Out|romance/drama
Werewolf: The Devil's Hound|Drama
The Warrior Class|Fantasy
Volition|Documentary
The Prophecy: Forsaken|Romance
The Tutor|Science Fiction
Unsolved Suburbia|Horror
Til Death Do Us Part|drama
The War of the Worlds|Horror/Comedy
Tycus|Science Fiction
Walking Tall: Lone Justice|Drama
Trancers 6|Comedy Action Thriller
Wild Fire|Thriller
Zen|action/drama
Zydeco|Action
Midnight Tango|Drama
Perfect Target|fantasy
Others|Drama/Mystery
Nightcrawler|Science Fiction
Merlin and the War of the Dragons|Action mystery
Meat Market 2|Horror
One Chance|Action
Return to House on Haunted Hill|Horror
Rail Kings|sci-fi
Requiem for a Vampire|thriller
Solomon|Action
Harry Knuckles and the Pearl Necklace|Family
Insaniac|Thriller
Harley's Hill|adventure
Hookers at the Point|Experimental Animation
Kama Sutra|adventure
Looking Forward|comedy
Life After Death|Horror
Lord Help Us|suspense
Man Hunt|Comedy
K-9: P.I.|Science Fiction, Adventure
Stacker|sport stacking
The Gamers|War
The Land Before Time VII: The Stone of Cold Fire|drama
The Legend of Pancho Barnes and the Happy Bottom Riding Club|Comedy
That One Summer|Drama
Star Trek: Of Gods and Men|Science Fiction
Sparky|horror
The Hot Karl|War
The Psycho Legacy|Documentary
The Spirit of '76|Documentary
Vacancy 2: The First Cut|Thriller
Vampire Assassin|Thriller
We Remember Marilyn|Drama
Vibrations|Action
Untitled|Drama
Two Hands|Romance
Time to Pay|comedy
Warriors of Honor|Historical War Drama
Video Letter|Compilation
The Suitcase|Horror
Tricks of the Trade|science fiction
Red Rose of Normandy|Mystery
Pray 2: The Woods|romance
Plato's Run|Comedy-Drama
Return to Sleepaway Camp|Action
Sand Sharks|thriller
Sniper 2|Romance
Pocahontas|Family
Silent Venom|comedy
Revamped|adventure
Royal Faceoff|action
Progression|Comedy
Rise of the Undead|Action Survival Thriller
Shoebox|Drama
Shattered Lives|drama
Puppet Master: Axis of Evil|Action mystery
Raising Hell|drama
Stripped Naked|Drama, Thriller, Sci-Fi
Steps|Horror
Starship Troopers 2: Hero of the Federation|Action-Adventure
The Mystical Adventures of Billy Owens|horror
TerrorStorm: A History of Government-Sponsored Terrorism|Thriller/Horror
Succubus|family
Castle Freak|Action-adventure film, martial arts film
Boomtown|Romance Thriller
Camp Daze|Action-Adventure
Cannonball|horror
Bionicle 3: Web of Shadows|Romance Thriller
Cosmonaut|Documentary
Contagious|Action
Belle's Magical World|Musical
Dad|Drama
Chihuly in the Light of Jerusalem|Romance
Butchered|thriller
Bloodfist IV: Die Trying|Documentary
Bollywood and Vine|horror-struck
Blood and Oil: The Middle East in World War I|Adventure
Blurred|Horror/Thriller
Brother Bear 2|Animation
Cyborg 2|Action
Clash of the Empires|Adventure
Comic Book Villains|animation
Bionicle: The Legend Reborn|Science Fiction/ACTION
Black Summer|Drama
Dragon Fighter|comedy-drama
E|comedy
False Face|Romance
Expose|documentary
Flick's Chicks|Action
East L.A. King|Action
Dear Chelsey|Adventure
Down the Barrel|Thriller
Felt|Action
F.T.W.|animation
Flesh of the Living|Comedy
Devon's Ghost: Legend of the Bloody Boy|horror
Dr. Ravi & Mr. Hyde|comedy
Dead Enders|Mystery
Eat the Rich: The Cannibal Murders|Horror
Directions|Comedy
Good Grief|Thriller
Happily After|drama
Hookers in Revolt|black and white film
Haunting Fear|Action
High: The True Tale of American Marijuana|Horror
I Be Done Been Was Is|Crime, Drama
Hellgate: The House That Screamed 2|suspense
Furies|Comedy
Hamlet & Hutch|Comedy-Drama
Gold Diggin': For Love of Money|Documentary
Hunch|whodunnit
Haywire|Support Group
A Bad Situationist|Comedy
3 A.M.|Horror
A Shepherd of Pure Heart|Documentary
A Siren in the Dark|documentary
Almost Elvis|Drama-Thriller
American Bandits: Frank and Jesse James|Biography
American High School|romance
All the Lonely People|Drama
A Cold Day in Hell|Drama
Art Safari|Biographical drama
Tom and Jerry Meet Sherlock Holmes|Comedy
Video Violence 2|Horror Drama
The Pink Floyd and Syd Barrett Story|Documentary
Wake the Witch|Drama/Fantasy
Tremors II: Aftershocks|Action
Tiny Toon Adventures: How I Spent My Vacation|Musical
The Paper Brigade|action
Witch Hunter|Action
Wingrave|Thriller
Yuri Gagarin Conspiracy: Fallen Idol|B biographical drama
Maximum Cage Fighting|Comedy about the emotional prison that secrets create
People Who Die Mysteriously in Their Sleep|Thriller, Mystery, Drama
Pegadas Salgadas|Horror
One Cup of Coffee|Action
Moonlighting|drama
Oil & Water|Science Fiction Action
Private Wars|Biographical Drama
Shor|Action Thriller
Shock-O-Rama|Drama
Sequence|Documentary
Hunter's Raid: The Battle for Lynchburg|Comedy, crime thriller
Heart of Fear|action
God in the Box|Mystery
Gold Digger Killer|Horror Comedy
King of the Streets|Thriller
Mad Ron's Prevues from Hell|romance
The Clique|Biography
The Land Before Time IV: Journey Through the Mists|action
Star Portal|Science Fiction
The Lion King II: Simba's Pride|drama
The Final Prophecies|Sci-Fi, Horror, Thriller
Tapeworm|Drama
Stakes|Thriller Drama
The Double-D Avenger|Action/Comedy
The Junior Defenders|sci-fi
The Feral Man|comedy
Strange Fruit|Action
The Base|Thriller
The Codes|action-adventure
Tick Tock|Biographical Drama
The Planets|Drama
Tommy Hancock: West Texas Muse|family
The Two Plates|History
Under the Gaydar|Action
Thirst: A Civil War Story|Comedy-Drama
The Undertow|horror
This Darkness: The Vampire Virus|Science Fiction Horror
Smokers|Adventure
Smut|Family
Solidarity in Saya: An Afro-Bolivian Music Movement|thriller
Return of the Boogeyman|Thriller
Single White Female 2: The Psycho|Action thriller
Save the Last Dance 2|Romance
Pot Luck|Comedy Horror
Slap Shot 3: The Junior League|biography, drama
Pulse 3|Horror
Scanner Cop|Film Noir
Silent Partner|Drama Sports
The Girl Who Shagged Me|Thriller
Street Justice|action, superhero
Surviving|romance
Sync|drama
The Bonesetter|Fantasy/Thriller
The Life|horror
The Extraordinary Voyages of Jules Verne|Fantasy
The Dream Factory|superhero
Caillou's Holiday Movie|Thriller
Biohazard: The Alien Force|romance
Box|Horror, Drama, Action
Beauty and the Beast: The Enchanted Christmas|Thriller, Documentary, Crime
Carrot Top Rocks Las Vegas|war
Bikini Bandits|horror
August Underground's Mordum|Comedy
Carlito's Way: Rise to Power|Action Thriller
Beethoven's Big Break|Comedy-Drama
Burn: The Evolution of an American City|Romance
Charlie's Death Wish|Thriller
Brain Fix|thriller
Cold December|documentary
Batman: Under the Red Hood|Action
Claim|thriller
Christopher Columbus|Science Fiction
Butcher House|Thriller
Carlita's Secret|adventure
City of Dreams|Documentary
Extraordinary|Action
Demolition High|Thriller
Dream Theater: Metropolis 2000 - Scenes from New York|mystery
Dream Man|Horror
Fists of Righteous Harmony|Horror
Fabric of Time|Comedy
Dead Giveaway|Mystery
Dick|action
DeAf Jam|documentary
Evil Offspring|Sci-Fi, Comedy, Animation
Fake Preacher|Thriller
Infinite|Documentary
G.I. Joe: The Movie|Superhero/Fantasy
Jacqueline Hyde|music
Id|Drama
In Search of Santa|Action Thriller
Hard Justice|Action Film
Angel Heart|action
After Sunset: The Life & Times of the Drive-In Theater|Documentary
All That Remains|Drama
An All Dogs Christmas Carol|musical
Aladdin and the King of Thieves|Biography
555|teen
Airline Disaster|Action
Apocalypse Pooh|Adventure
Belly 2: Millionaire Boyz Club|romance
Code Black|action, thriller
Candyland|documentary
Bloodbath in the House of Knives|thriller
Band of Pirates: Buccaneer Island|fantasy
Beyond Fear|Documentary
Bionicle: Mask of Light|Science Fiction
Unholy Matrimony|Drama/Documentary
The Plans of Man|Mystery
When Mama Returns|horror
The Story of Ruth|Mystery
Truth or Consequences|horror
The Waltz|biography
The Wrong House|documentary
The Wild Card|Romance
Zombie Bloodbath 2: Rage of the Undead|Thriller
Yeti: A Love Story|Western
Your Friend the Rat|Adventure
Midnight Oil: Black Rain Falls|Documentary
Mater and the Ghostlight|Action/Drama
Martino Unstrung|History
Mirror|Fantasy
Monsters, Marriage and Murder in Manchvegas|drama
Me & Michael|Drama
Marching Band|horror/mystery
Meadowoods|Thriller
Myths for Profit: Canada's Role in Industries of War and Peace|true crime documentary
Snitch'd|Sci-Fi
Queer Duck: The Movie|Horror
Jack Me|Comedy
Gravestoned|Short
Imagining Home|Social Drama
Kekkô Kamen|Horror
Junior High Spy|Comedy
Lust for Dracula|Comedy
Junk Boy|Comedy
Loose Ends|Biography
Joseph and the Amazing Technicolor Dreamcoat|20th Century Biblical Story
The Dark Angel: Psycho Kickboxer|thriller
The Divine Enforcer|Adventure
The Note|Documentary
The Hidden Face of Suicide|Biographical drama
Super Atragon|Fantasy/Mystery
The Mind's Eye|Experimental Computer Animations
Soulstice|Crime
The Dead of Night|Comedy
The Inhabitant|Science Fiction
The Dark Knight|Sci-Fi
Taking the Turn|action
The Prophecy 3: The Ascent|Comedy
Timegate: Tales of the Saddle Tramps|Action
The Wickeds|Thriller
Wednesday|Documentary
Ute Lemper: Blood & Feathers|Animation/Adventure
Web of Deceit|Thriller
The Prodigal Son|Parable
Western Gold|Science Fiction
Philosophy of a Knife|Action, Horror, Sci-Fi
Rehguzar|crime
Prey of the Jaguar|Drama
Saki the Killer|Action
Skin Crawl|Horror
Santa Buddies|Science Fiction/Comedy
Savate|action
Pumpkinhead II: Blood Wings|fantasy-horror
Punk Rock Holocaust|Slasher/Comedy
The Four Horsemen|Romance
The Art of War III: Retribution|Thriller
Streets of New York|Horror
The Dead Want Women|Adventure
Contested Streets|Sexy Action/Comedy
Blackwater Valley Exorcism|Science Fiction
Attack Force|Mystery
Corner Store|thriller
Braille|Short film
Cadaver Bay|fantasy
Behind the Camera|Documentary
Civil War Minutes: Confederate|Drama
Buzz Saw|Crime
Blade of the Vampire|Adventure
Boys Life 6|Science Fiction/Fantasy
Fear Itself|Thriller
Endz|Hard-hitting urban crime thriller
Disco: Spinning the Story|Documentary Music
Demon Summer|drama
Eyes of a Beginner|thriller
Dream|adventure
Desert Patrol|Crime Drama
Fast Getaway II|Thriller
Don't Forget Me|adventure
Dracula III: Legacy|Horror
Dream a Little Dream 2|thriller
Dig|crime
Delta Delta Die!|Family/Fantasy
First Blood|crime fiction
Dead & Rotting|Horror
Drama Queens|Action
Detonator Orgun|adventure
Experiment in Torture|thriller-comedy
Double Blast|Action
Fortnight|Thriller-Horror
Hollywood Mortuary|horror-comedy
Hellblock 13|Horror Thriller
Harvesters|romance
Iran: The Forgotten Glory|Drama
Hellraiser: Deader|Documentary
Homesick|horror-comedy
Hobgoblins 2|Drama
Halo|Science Fiction/Adventure
Infinity's Child|Science Fiction Adventure
Indestructible|musical
Green Lantern: Emerald Knights|Science Fiction/Fantasy
A Million Little Pieces|Comedy
Aliens in the Wild, Wild West|Family
American Stories|Adventure
Aquaria|family-friendly
A Candle in the Dark|horror
Animal Instincts|Thriller
Above Ground|Documentary
Actium Maximus|Drama, War, History
Acting Out|vampire horror
2 Million Minutes: The 21st Century Solution|Drama
1313: Cougar Cult|Action, Thriller
Camp Fear|crime
Blood Relations|Thriller
Central State|Horror
Ani DiFranco: Trust|thriller-horror
The Sweeper|Biographical Drama
The Shot|Romance, comedy-drama
White|horror
Walking Tall: The Payback|Thriller
Wrong Side of Town|Thriller
Witchouse|Thriller/Fantasy
Wrong Turn 3: Left for Dead|Mystery Thriller
Witchcraft XII: In the Lair of the Serpent|Mystery
Witchcraft III: The Kiss of Death|Thriller
Matchups|Fantasy Comedy
Maya Deren's Sink|Drama
Natural Born Komics|film noir, drama
Master of the Universe|Romance
Mexican American|Drama
Murderer|Fantasy
Mirrors 2|Thriller Mystery
Maybe Logic: The Lives and Ideas of Robert Anton Wilson|""
Monster Mash|Mystery/Thriller
More Than You|Drama
Maria|Comedy/Fantasy
My Brother Mike|Thriller
Real Men|Documentary
Getting There|Fantasy
Honey, We Shrunk Ourselves|Adventure Comedy
Gay Latino Los Angeles|Thriller, Sci-Fi
Hostile Intentions|Thriller
Haunted Echoes|thriller
Knock|Adventure
Last House on Hell Street|Biography
Loss|adventure
Losers of the Year|Sports, Thriller
Killjoy 3|Drama
L.A. Hit|sci-fi
Justice League: The New Frontier|Horror
Subway|Horror
The Heart of Texas|documentary
The New Monsters|Drama
Tales of Terror|Mystery
Species: The Awakening|Action
The Double 0 Kid|horror
The Monster Man|Sci-Fi
The Little Mermaid II: Return to the Sea|Fantasy
The Compleat Al|Mystery
The Endless|crime, action
Suspended Animation|Horror-Comedy
The Temptress|Science Fiction Action Adventure
Urban Legends: Bloody Mary|Mystery, Thriller
The Sleeping Beauty of East Finchley|Splatter-filled action-comedy spoof of the KILL BILL films
The Reason|documentary
Unlisted: A Story of Schizophrenia|Comedy Mystery
Vamps|Adventure
Puppet Master II|mystery
Saari Raat|drama
Shower of Blood|Reality TV
Shipwreck|Mystery
Second to Last Worst Day of My Life|Action
Scooby-Doo! And the Legend of the Vampire|Action/Adventure
Possessed by the Night|Comedy
Slashers|Romance
The Game of Love|Horror
The Land Before Time XII: The Great Day of the Flyers|Documentary
The Initiation|Drama
The Dead Sleep Easy|Family
Sub Zero|Drama
Bone Sickness|Science Fiction
Cinderella II: Dreams Come True|romance
Buzz Lightyear of Star Command: The Adventure Begins|historical drama
Corky's Hot Ice|Thriller
Best Foot Forward|Drama
Crossroads Cafe|Adventure/Fantasy
Chapters|Mystery
Bag Boy|Comedy
Casper's Haunted Christmas|Fantasy
Corsino, by Cole Kivlin|thriller
Champion Road|Historical drama, war film
Fatal Fury 2: The New Battle|Thriller
Fatal Justice|drama
DarkPlace|drama
Feeding the Masses|Horror
Dark Honeymoon|horror/satire
Dark Watchers: The Women in Black|Thriller
Hellraiser: Hellworld|Comedy, Documentary, Music
Harlem Renaissance|Comedy
Higglety Pigglety Pop! or There Must Be More to Life|Fantasy
I'll Always Know What You Did Last Summer|thriller
Haywire|Action Thriller
In the Dead of Winter|Drama
Hourglass|Comedy
Inhabited|Western
Greenmail|Crime
Halloweenville|swashbuckling adventure
Get Smart's Bruce and Lloyd Out of Control|sci-fi
Arthur's Missing Pal|Romance Action
Angel Wars: The Messengers|Romance
All I Want|Drama
Abnormal Activity|Rock & Roll Conspiracy
Anything for Love|drama
Against the Dark|Horror
Are You Scared 2|mystery
A Hollywood Christmas|Comedy Romance
A Perfect Soldier|Science Fiction/Fantasy
A Dead Calling|Biographical drama
101 Dalmatians II: Patch's London Adventure|Science Fiction
Black Sun|Horror
Believers|Horror, sci-fi
Da Vinci Code Decoded|History
Contadora Is for Lovers|Thriller
Triggerman|romance
Who's Your Daddy?|Comedy
Uncounted: The New Math of American Elections|Documentary
True Vengeance|Crime
Zeitgeist: Addendum|documentary
William Shatner's Star Trek Memories|Fantasy Horror
Octopus|Crime
My Friend Bernard|Action
Metal Man|Comedy
Pajama Party|Comedy
Mass Effect: Paragon Lost|adventure
Nazis at the Center of the Earth|Fantasy
Mistaken|Drama
One Last Time|thriller
Silo Killer|Fantasy
Home Movies|Documentary
King of Hearts|Drama
Lazarus|short film
Love Shack|Drama
Love Note|action/thriller
La herencia del ranchero|Comedy
Let There Be Light: The Odyssey of Dark Star|Biographical drama
Mad Bad|Horror
Linger|mystery
Last Best Chance|Romance/Drama
The Fergusons|Fantasy
The Most Unromantic Man in the World|Comedy
The Business|Fantasy
The Land Before Time II: The Great Valley Adventure|Comedy Horror
The Business|Erotica
The Ambassadors of Hollywood|War
The Number One Girl|Fighting film, martial arts film
The Mangler 2|Action-adventure-comedy
Spoil|drama, thriller
Universal Remote|Biography
Unemployed|Thriller
The Ruining|War Horror
Wal-Mart: The High Cost of Low Price|Biography
Uncertain|drama
The Wounded|documentary
Vampire Boys|Comedy
Please Hold|Romance
San Franpsycho|thriller
Pure Danger|Romance
Scooby-Doo on Zombie Island|Thriller
Rising Dead|Drama
Sibling Rivalry|Action-adventure-comedy
Seventy Times Seven|adventure
Secret Games|comedy
Test Pilot|thriller
Stepmonster|thriller
The Naughty List|Fantasy
The MC: Why We Do It|Documentary
Stone Cold Killers|Drama
Take 2|Mystery
Tender Loving Care|Tragedy
Beauty Queen Butcher|Action-Adventure
Black Dahlia|Thriller
Children of the Corn V: Fields of Terror|thriller
Before I Self Destruct|Action
Crossworlds|mystery
Atroz|Animation
Coming Out|Romance, comedy-drama
Bum Man: Hero of the Homeless|mystery
Cradle of Fear|Crime
Bandaged|Thriller
Barbie: A Perfect Christmas|Musical
Big Top Scooby-Doo!|Drama, Thriller
Cork|thriller
Batman: Gotham Knight|Horror
Dirty Business|Biography
Dead On: Relentless II|Animation
Day by Day|comedy
Fish|Documentary
Dead Dog|horror
Desert Passion|Thriller
Domestic Disturbance|Musical
Double XL|mystery
East L.A. Marine: The Untold True Story of Guy Gabaldon|Documentary
Did I Say Thousand Island?|Drama
Exit 38|Thriller
Feast III: The Happy Finish|Horror, Comedy
Daniel|Drama
Eternal Desires|Fantasy
Director's Cut|Drama
From Dusk Till Dawn 2: Texas Blood Money|Documentary
Ghost Lake|""
Hidden Rage|Action, horror
Hallow's End|Thriller
HalloweeNight|Thriller
Hologram Man|Thriller
6:30|Thriller
Acts of God|Biographical Drama
All-American Murder|Documentary
A Haunting in Salem|Comedy
A Normal Life|Drama
13 Seconds|history
And So It Goes|comedy
Act Your Age|Comedy
Backflash|Drama
Big Fish in Middlesex|Adventure
U.S. Seals|thriller
The Table|Drama
Timeline|Documentary, Thriller
The Third Wheel|Drama
The Runners|Adventure/Romance
Tokyo Waka|sci-fi
Wrigley Field: Beyond the Ivy|Mystery
Witchcraft II: The Temptress|Drama
Witchcraft 7: Judgement Hour|Drama Horror
Wishmaster 2: Evil Never Dies|Horror
Lifeline|fantasy/sci-fi
Justice League: Doom|crime
Mimic 2|Adventure
People in White|Fantasy
Nosotros|Family Adventure
Nobody's Child|drama
New York Minute|Mockumentary
Noctem|Thriller
Our Friend, Martin|Action
Mark of the Astro-Zombies|Science Fiction
Paul McCartney Really Is Dead: The Last Testament of George Harrison|Thriller
Mischief Destroy|comedy
Mulan II|Crime
Normal People Scare Me|Documentary
Origin|Thriller
Mickey's Once Upon a Christmas|Thriller
Savaged|Horror
Poison Ivy: The New Seduction|Mystery
Prometheus Triumphant: A Fugue in the Key of Flesh|Adventure
Piper Penguin and His Fantastic Flying Machines|Mystery
Hand Gun|Family
Ghosts of Goldfield|Drama
India of K-Town|Action
Hell House: The Book of Samiel|Horror
Inhale|Horror
Innocents Betrayed|mystery
Living Like a Common Man|Comedy-Drama
Justice League: The Flashpoint Paradox|Superhero
Little Things|Drama
Katt Williams: American Hustle|Thriller
Made in Britain|Fantasy
Little Town of Bethlehem|Comedy, Family
Lady Street Fighter|Horror
Just Your Luck|crime
The Coming|Horror
Steel Frontier|Western
Street Fighter Zero|""
The Long Walk|drama
The Last Straw|family
Stuart Little 3: Call of the Wild|action
The Art of War II: Betrayal|Drama Thriller
The Baron|War
The Black Ninja|Documentary
The Hitcher II: I've Been Waiting|Thriller
Walk on the Wild Side|Action
Uncle|fantasy
The Spaghetti West|Comedy-Drama
Urban Menace|action
The Shield Around the K|Punk Rock Documentary
Tortillas Again?|Drama
Three Rookies|documentary
Tom and Jerry: The Magic Ring|Action Thriller
Trouble in Store|family
The Skulls III|Biography
The Phantom Empire|Science Fiction
The Solomon Bunch|Mystery
Rise of the Scarecrows|Thriller
Sharp Teeth|Thriller
Pups|Drama
Savage Harvest|Sci-Fi Horror
Pray.|sci-fi
Snapped|Thriller
Raging Sharks|horror
Slam Dunk Ernest|Biographical drama
Riding Bean|Anime
Roommates|Thriller
Planted Evidence|drama
Rest in Peace, Cuervo Jones|romance
Sadomaster|Action
Rene and I: From Auschwitz to America|Drama, Horror, Thriller
Slippery Slope|Thriller
Sayed Kashua: Forever Scared|Comedy
Stargate: Continuum|Comedy
The Chief|comedy
Tarzan II|Drama
The Clockmaker|short film
Stock Shock|fantasy
Special Needs|Documentary
Night of the Demons III|thriller
The Skulls II|Thriller
Terror in the Tropics|Comedy
Stolen Good|Thriller
Coons! Night of the Bandits of the Night|horror-comedy
Batman Beyond: Return of the Joker|Thriller
Bound by Lies|Comedy Thriller
Alien Agent|Drama
American Herro|Biography
The Prophecy: Forsaken|Comedy drama
Til Death Do Us Part|Action/Adventure
Return to House on Haunted Hill|Adventure
K-9: P.I.|sci-fi
The Gamers|Horror/Thriller
Sniper 2|Action
Starship Troopers 2: Hero of the Federation|science fiction
Castle Freak|Horror
Bollywood and Vine|documentary, music
Dragon Fighter|Horror-Thriller
Devon's Ghost: Legend of the Bloody Boy|action/martial arts
Haunting Fear|Thriller
American High School|Comedy
Tremors II: Aftershocks|Thriller
The Paper Brigade|""
The Lion King II: Simba's Pride|Fantasy
Solidarity in Saya: An Afro-Bolivian Music Movement|Documentary
Beauty and the Beast: The Enchanted Christmas|Action
Charlie's Death Wish|Fantasy
Fists of Righteous Harmony|sports, comedy
DeAf Jam|Psychological thriller
G.I. Joe: The Movie|Documentary
Aladdin and the King of Thieves|Thriller/Horror
Beyond Fear|crime fiction
Bionicle: Mask of Light|Science Fiction Adventure
Me & Michael|thriller
Joseph and the Amazing Technicolor Dreamcoat|Mockumentary
Santa Buddies|Family
Pumpkinhead II: Blood Wings|Thriller
The Four Horsemen|Documentary
Disco: Spinning the Story|Art Film
First Blood|Comedy
Acting Out|Adventure
Walking Tall: The Payback|action
Maybe Logic: The Lives and Ideas of Robert Anton Wilson|""
Getting There|Adventure
The Double 0 Kid|thriller
Urban Legends: Bloody Mary|Thriller
Puppet Master II|crime
Buzz Lightyear of Star Command: The Adventure Begins|Action
Crossroads Cafe|horror-struck
I'll Always Know What You Did Last Summer|Thriller
Arthur's Missing Pal|fantasy
Believers|adventure
William Shatner's Star Trek Memories|Comedy
Octopus|Music
Silo Killer|drama
Mad Bad|Thriller
Scooby-Doo on Zombie Island|Drama
Black Dahlia|horror masterpiece
Before I Self Destruct|Mystery
Crossworlds|Action
Cradle of Fear|Thriller horror
Dead On: Relentless II|Mystery
East L.A. Marine: The Untold True Story of Guy Gabaldon|""
Ghost Lake|Thriller
Hallow's End|Romance
A Haunting in Salem|action
Witchcraft II: The Temptress|Thriller
Wishmaster 2: Evil Never Dies|Biography
Lifeline|science fiction
Paul McCartney Really Is Dead: The Last Testament of George Harrison|Science Fiction
Hell House: The Book of Samiel|Fantasy
Street Fighter Zero|Horror
Tom and Jerry: The Magic Ring|comedy-drama
Sharp Teeth|Thriller
Rene and I: From Auschwitz to America|Drama/Romance
Batman Beyond: Return of the Joker|Horror Thriller
Return to House on Haunted Hill|documentary
Starship Troopers 2: Hero of the Federation|Horror
Devon's Ghost: Legend of the Bloody Boy|Mystery
First Blood|romance
I'll Always Know What You Did Last Summer|Suspense
Believers|Adventure Thriller
Scooby-Doo on Zombie Island|Action, Crime
Cradle of Fear|thriller
Return to House on Haunted Hill|Fantasy
I'll Always Know What You Did Last Summer|horror-stricken
I'll Always Know What You Did Last Summer|Thriller/Horror
The Adventures of Scooter the Penguin|Animation
Betrothed|Horror
Barbie Fairytopia: Magic of the Rainbow|Drama, Animation
Collision: Christopher Hitchens vs. Douglas Wilson|Documentary
Before the Storm|Mystery
City of Rott|Family
Children of the Corn: Revelation|Horror
Creepshow III|Drama
Endgame: Blueprint for Global Enslavement|documentary
Final Round|Horror
Fall Guy: The John Stewart Story|History
Deathstalker II|Action
Evil Spirits|Science Fiction Horror
Eye of the Beholder|Romance
Dinosaur Chronicles|Horror
Fiend|Documentary
Dragonheart: A New Beginning|Thriller
Elephants Dream|Thriller
Drop Box|Short Film
Floating Weeds|Mystery
Deadly Embrace|Science Fiction
Democrazy|Action
Doula! The Ultimate Birth Companion|Documentary
Hedy & Yumi: Crossing the Bridge|romance
Gacy|Horror
In Pursuit of a Dream|Adventure
Half-Caste|Biography
Gretzky, Indy & the W.H.A.|Fantasy
House of Carnage|hip-hop
Hip Hop Life|Horror
Gulliver's Travel|Horror-Comedy
G.I. Joe: Valor vs. Venom|Thriller
Gale Force|Action
Hard Problems: The Road to the World's Toughest Math Contest|Mystery
An Introductory Guide to Wine|Crime
An American Tail: The Treasure of Manhattan Island|Thriller
7 Angels in Eden|Horror
Apocalypse|romance drama
8MM 2|Science Fiction
An Extremely Goofy Movie|Mystery
Affinities|Psychological Thriller
Assault of the Party Nerds|Thriller
18 Minutes|adventure
Blood for the Muse|Animated Movie
Bachelor Party Vegas|Thriller
Three Hearts|Mystery
Uncle Meat|Action adventure
The White Knight|Mystery
Wait Your Turn|Thad MacArthur comes unexpectedly back into Eve Cassidy''s life, after breaking her heart in college.
The Wicked|Animated
There Is Nothing Out Here: A Concert Film|Music
Kid Cop|Romantic Thriller
King of the Mountain|Action
One Way Ticket|Adventure
Peace, Propaganda & the Promised Land|rediscovery of Baby Peggy
Men of the Cloth|Documentary
Parts of the Family|Thriller
Monsturd|Fantasy, Family
My Pink Shirt|Thriller
Red State|War
Scare Me|Mystery
Inbred Redneck Alien Abduction|Family
Fraternity Massacre at Hell Island|Comedy
Freedom Riders|Fantasy
Insight|Drama
Garfield's Pet Force|Drama
Green Lantern: First Flight|Sci-Fi
King's Ransom|biography documentary
K-911|War
Juarez, Mexico|Action
Leftovers|Family therapy drama
Like a Puppet Out of Strings|War
Lady Ice|Tragic love story
Judgment Day|Thriller
Killer Looks|drama
Lilo & Stitch 2: Stitch Has a Glitch|Family
The Bagman|Biography
The Last Leaf|Horror
The 41-Year-Old Virgin Who Knocked Up Sarah Marshall and Felt Superbad About It|drama
The Ironbound Vampire|Comedy Horror
The Cell 2|The FBI Agent Maya has developed the ability of psychically connect with other people after being murdered six times and brought back to live by the sadistic serial-killer Cusp.
Star Wreck: In the Pirkinning|drama
The Crab|Action
Tales of the Dead|horror
Tourist|Drama
The Virgin Murders|Drama
Titanic II|Mystery
The Secret of NIMH 2: Timmy to the Rescue|Sports
SMS|Thriller
Resurrection Man|Biographical Drama
Senator Obama Goes to Africa|documentary
President Barack Obama: The Man and His Journey|Thriller
Saving Paradise|Comedy-Drama
Razortooth|Drama
Psyclops|Comedy
Signs|Experimental
Survive!|Comedy
The Meeting School|Biography
The Last|Action
Stonerville|Action-Adventure
The Hunchback of Notre Dame II|Action-Adventure
The Great Race|The Great Race is a genuine sprint race over 50 metres between a man
The Devil's in the Details|The Devil''s in the Details, explores the sensory perspective world view of a nine year old boy named Josh.
The Amazing Mr. Bickford|Documentary
Stolen Kisses|Cold war spy romance
The Graveyard|Mystery
The 3 Little Pigs: The Movie|crime
Teen Titans: Trouble in Tokyo|Drama
The Briefcase|Biography
The Beginning|Romance
The Haunting Hour: Don't Think About It|sports drama
Bellatrix|conflicted
Bettie Page: The Girl in the Leopard Print Bikini|biography
Boa vs. Python|Drama
Bachelor Party in the Bungalow of the Damned|Crime
Barbie as the Island Princess|Thriller Movie
Attack of the Super Monsters|True Crime
Chill Out, Scooby-Doo!|Romance
Bread and Circus|Drama
Deadly Species|Drama
Darkman II: The Return of Durant|Thriller
Day of the Dead 2: Contagium|Thriller
Death Nurse|Thriller
Final Stab|Dark comedy
Eat Your Heart Out|Comedy
Final Judgement|Sci-Fi
Fear Itself|Horror
Emily's First 100 Days of School|Television adaptation of the book by the same name, read out loud, with added music and animation elements.
Demonic Toys|Psychological Thriller
Dr. Ice|western
Downsized|drama
Dying Green|Romance
Entrance|Drama
Diary of a Sex Addict|psychological thriller
Fried Fish, Chicken Soup & a Premiere Show|Sci-Fi
Hip-Hop Task Force|Action
George of the Jungle 2|Comedy
Inspector Gadget 2|Horror
Green Street Hooligans 2|crime
Iron Maiden: Flight 666|Thriller
Intent to Kill|Crime
GoreGoyles: First Cut|Fantasy
Fright Club|cannibalistic clan
Hack Job|action
Holla at Me|Thriller
Jack and Jill|Fantasy
Arcade|Thriller
Another Cinderella Story|comedy
A Woman's Scorn|Horror
3 Ways to Get a Husband|comedy drama
Captives|Vacation gone wrong
Before Last Night|Thriller
Blood on My Hands|Movie
Biblioburro: The Donkey Libary|comedy
Bad Channels|Science Fiction
Black Beach|Music
Tough and Deadly|Horror
Where Did the Horny Toad Go?|Adventure
Tremors 4: The Legend Begins|Thriller
Weekend Warriors|Crime
The Second Best Science Fiction Movie Ever Made|Science Fiction
White Room|Romance
WWF Judgment Day|Sci-Fi
Wishmaster 3: Beyond the Gates of Hell|horror
Witchcraft 13: Blood of the Chosen|Action, horror
Peacemaker|Documentary
Monologue|documentary
Our Land|Moroccan
Penguins Under Siege|Dark Comedy
Mystic Iran: The Unseen World|Documentary
Ms. Cannibal Holocaust|Science Fiction
Marina Monster|Film, Thriller
Paper Cut|Comedy- Drama
Paranormal Entity|Fantasy
Outside|Fantasy Adventure
Satan Claus|Drama
Relentless: The Struggle for Peace in Israel|Documentary
Go There Once, Be There Twice|Horror
Illegal in Blue|Horror
In the Red|Mystery
Hellraiser: Hellseeker|Thriller
Invisible Dad|Dooley and his dog Jerry Lee still are active as a police team with the LAPD. However, years starting and counting Captain Roger Byers thinks they urgently need to do something with their condition. He even forces them to work with a second team: the one of the young Sergeant Welles and her disciplined Dobermann Zeus.
Johnson Family Christmas Dinner|Horror
Leprechaun 3|Comedy
Little Pink House|Action-Adventure
Kamp Katrina|Movie
Joy Ride 2: Dead Ahead|Music
The Good Sisters|Family
The Carter|Biography/Music
The Orchard|Action
The Granny|Adventure
The Alps|Fantasy
Terror Toons|Comedy
The Bloody Ape|Found Footage
The Black Mountain Madman|Horror
Star Wars: Revelations|Thriller
Villains|Thriller
Totem & Taboo|Adventure
Trashed|Dylan (24) works every day to help his mom put food on the table, and raise his 15-year-old brother Terrance. At night, he breaks into slaughterhouses and rescue chickens. As his idealism becomes an escape, his two worlds begin to aggressively collide.
The Suit|Terror comes from beyond the grave in this tense thriller that is like a long lost episode of Tales From The Crypt!
Torture Me No More|Biographical drama
Vs. the Dead|Drama
Under Investigation|Comedy
Tom and Jerry Blast Off to Mars!|Thriller
The Wolf|funny look at Gene Roddenberry
Slayers|Documentary
Shark Attack 2|Action
Point and Shoot|Historical Drama
Queens Over Jacks|Thriller
Red Surf|Drama
Rap War One|Gangster Film
Scarred Justice: The Orangeburg Massacre, 1968|Drama
Smashing Pumpkins: If All Goes Wrong|Horror Thriller
Side Sho|Horror
Present Tense|Romance/Drama
Phantom Town|Science Fiction
Puppet Master III: Toulon's Revenge|Fantasy
The Matrix Revisited|Comedy
The Desperate Trail|Romance
The Magic Box|documentary
The Batman|Science Fiction
Black Metal Veins|Science Fiction
Baby Peggy, the Elephant in the Room|uncensored
Bring It On: Fight to the Finish|Horror-Comedy
Con Express|Mystery
Bone Creek|Documentary
Da Block Party 2|drama
Batman: Mystery of the Batwoman|Action
Brainiac|Thriller
Being Human|Documentary
Black Coffee|fantasy
Birth Rite|Thriller
Blood Scarab|Documentary
Bloodsucking Redneck Vampires|Documentary
Between|Thriller
Champions of Faith: Baseball Edition|The Champions of Faith: Baseball Edition showcases the intersection of sports and faith in Major League Baseball.
Bloody Streetz|thriller
Death Factory|Romance
Feeding Frenzy|fantasy
Dirtbags|Testing the boundaries of political-incorrectness, the story focuses on characters who never have attained anything through honorable means.
Fight Back|Drama, Comedy
Evil Awakening|Horror
Escape Plan|Documentary
Ella|Drama
Doctor Who: Shada|urban agriculture
Dialtone|thriller
Forgive Us Our Debts|music video
Dead Man's Bluff|thriller
Endings|Thriller
Dave Pearson: To Byzantium|Thriller
Glass House: The Good Mother|Thriller
Friends and Lovers|Drama
Heroism|WWII War Drama with Shakespearean Twist
Irish American Ninja|Action
GWAR: Phallus in Wonderland|Comedy
Jacqueline Hyde|thriller
Gamemaster|Science Fiction
Frostbite|Drama
An Evening with Robin Williams|Comedy
Angel of Music|Musical
Asiemut|Documentary
All Lies on Me|Action Movie
All Hallows' Eve|Science Fiction
A Long Way Off|fantasy
Anneliese: The Exorcist Tapes|Documentary covering the famous 'demonic possession' case of Anneliese Michel. The film features authentic footage of 'exorcisms' and other shocking events, considered to be the inspiration of the film _The Exorcism of Emily Rose (2005)_ (qv).
Abnormal Activity 3|Comedy
1-Ichi|Biography
All-Star Superman|Horror
Backstab|mystery
Beginning of the End|Fantasy
Come and Get It|Thriller
Corpses|horror
White Shadows|Educational
The Powerpuff Girls: 'Twas the Fight Before Christmas|Musical
Trees|Action
The Wailer|Adventure
Ultimate Force|Romance
Waiting for Angels|thriller
War of the Worlds|Horror
Werewolves of Stayville|sci-fi
Wartime|Thriller
To Live Again|Family
The Visitation|Comedy
Letters to Santa|Mystery
Nora's Hair Salon 3: Shear Disaster|Comedy
Mutation|Science Fiction, Thriller
Meat Weed Madness|Fantasy
One More Line|Adventure
On Our Way|true crime
Natural Enemy|Horror
One Simple Question|surreal
Mickey's Twice Upon a Christmas|Historical Drama
Night Sweats|Thriller
Schemes|Thriller
Jackass 2.5|Mystery
Lost Boys: The Tribe|Horror
Made in Taiwan|action
Lunopolis|drama
Kill Them and Eat Them|Cannibalism
Lost in Time|drama
Man About the House|Family
King Cobra|History
Kill Kane|Thriller
Love & Distrust|Thriller
Lust for Vengeance|Sci-Fi
Straight Outta Puerto Rico: Reggaeton's Rough Road to Glory|Science Fiction, Adventure
Sudden Impact|Romance
Sound of Silence|Experimental
The Consultant|romance
Strip Notes|romantic comedy
The Dead Zone|Psychological Thriller
The Birthday Present|Thriller-Horror
The Howling: Reborn|Science Fiction
The Secret of Anastasia|Movie
The Worst Horror Movie Ever Made|Documentary Horror
Thunder in Paradise|Terry 
Uncle Sam|Vampire Fiction
The Return of Jafar|Romance
When Sparks Fly|Thriller
Precious Cargo|Documentary Short
Raiders of the Lost Ark: The Adaptation|Comedy-Drama
Rolie Polie Olie: The Great Defender of Fun|Comedy
Red Canopy|Romance
School of Horror|Action, Adventure, Horror
Skin and Bones|Dwayne and Darla Jean are two serial killers who made their way through southern states in a crime spree that began as a simple vacation. This mock documentary interviews family and friends while uncovering that the couple videotaped all of their actions on a tape the police are covering up, but calling Video X.
Screamers: The Hunting|Action
Rest Stop|Texan youngster Jesse Hilts obliges when his immature, mischievous girlfriend Nicole Carrow wants to try their luck in Hollywood.
Pray 2.5|Family
Prison Break: The Final Break|Drama
Stargate: The Ark of Truth|Mystery
The Mirage|TV Movie
Stress|Mystery
The Cult of Sincerity|Comedy/Drama
The Land Before Time X: The Great Longneck Migration|Mockumentary
Sometimes They Come Back... Again|Thriller
Stitch! The Movie|Comedy
The Night Owl|Mystery
The Forgotten Ones|Thriller
Boxed In|Movie
Beneath the Blindfold|Mystery
Chicago Massacre: Richard Speck|Biography
Back in Your Arms|Romance
Conundrum|Coming-of-Age Crime Story
Bloodsport III|Biography
Barbie of Swan Lake|Comedy Movie
Beyond the Rave|Movie
Committing Poetry in Times of War|Drama
Bob Dylan Never Ending Tour Diaries: Drummer Winston Watson's Incredible Journey|Drew Utley is tired of being pushed around at school, and his dad is tired of being pushed around at work too. But when Drew understands that his father is being used as a puppet for an evil organization trying to make a supernatural suit, he and his friends have to stop the corporation and save his father.
Chiefland|Ten years after a train accident derailed his bull-riding career, Chris Wilson returns to the sport a changed man.
Autumn Leaves|crime
Cake Boy|Action
Change|Comedy-Drama
Confessions|Thriller
Dead Space: Downfall|Romance
Death Run to Istanbul|Fantasy
Durdy Game|action
Death Metal Zombies|Horror
Dark Justice|Documentary, Drama
Direct Hit|Thriller
Downpour|sci-fi adventure
Eternal|Drama
False Alarm|Action
Dog Tags|horror
Dead Mary|romance
Dig It!|seasonal migrant farm pickers
Fable: Teeth of Beasts|Comedy
Faustbook|thriller
Ed Wood: Look Back in Angora|Movie
Dog Watch|Action Thriller
Duets|Drummer Winston Watson performed 400 shows with Bob Dylan over five years, traveling the world 10 times over. Watson energized Dylan fans and Bob Dylan himself with his joyful and dynamic drumming style, as he helped launch Dylan''s 
Doomed|Romance, Fantasy
Dance|Conspiracy Thriller
Ed Gein: The Butcher of Plainfield|thriller
Dard Divorce|Documentary
Frames|Thriller, Drama
Ginî piggu 2: Chiniku no hana|Movie
Home Care|Adult
Independent America: The Two-Lane Search for Mom & Pop|animation
Jane Doe: How to Fire Your Boss|Thriller
Invasion of the Pod People|Action-Comedy
Head Games|Action
Holiday in the Sun|horror
Hey, Stop Stabbing Me!|Horror
Invitation Only|Thriller
Almost Pregnant|Drama
A Cat's Tale|Adventure
A Day in the Life|Movie
All About Dad|Documentary, Drama
30 Days of Night: Dark Days|Science Fiction
Beyond the Surface|action
China White Serpentine|Thriller
Blood and Oil|Documentary
The S.I.N.|Adventure
When Duty Calls|Thriller
Zombie Town|Drama
Young & Afraid|Documentary
Widow|Romance
You Move You Die|Fantasy
Likehell: The Movie|Horror
Leprechaun: Back 2 tha Hood|Thriller
Mojave Magic: A Turtle's Eye View of SpaceShipOne|Thriller
My Little Pony: The Princess Promenade|Animated Movie
Meat Market|Zombie apocalypse
On the Way Home|Movie
Men Cry in the Dark|Science Fiction
Millennium Apocalypse|Thriller
Insanitarium|Thriller
He Who Finds a Wife|Romance
Green Flash|Sport, Drama
Free Spirits|Supernatural Comedy
Golden Scars|Documentary
Lifeblood|Horror
Kora|Drama
Key: The Metal Idol|comedy
Magdalena's Brain|Romance
Madea's Family Reunion|Documentary
Last Stop|Horror
Kung Fu Panda: Secrets of the Furious Five|Music documentary
Loss Prevention|Drama
King Size|Horror
Tactical Assault|Science fiction
The Engineer|The Engineer is an interactive movie that educates engineering students in the process of professional ethical decision making.
The Butterfly|Adventure
Sunday School|Action
The Animated Adventures of Tom Sawyer|Adventure
The Hard Corps|Comedy
The Money|Heist movie
The Batman vs. Dracula|Action
Soul Masters: Dr. Guo and Dr. Sha|Thriller
The Flash II: Revenge of the Trickster|Action
The Condition of the Working Class|Biography, Drama
The Land Before Time V: The Mysterious Island|Biography
Strange Things Happen at Sundown|Documentary
The Compleat Beatles|Biographical Documentary
Surviving the 21st Century|Drama
The Ghosts of Angela Webb|Ghost story
Trancers III|comedy
The Tree House|Action
Warlock III: The End of Innocence|Comedy Horror
The Playground|Romance
This Is My Home|Science Fiction
The Summer of the Massacre|Sci-Fi Movie
Voodoo Academy|Action
The Web|Psychological Thriller
Whiskey on a Sunday|Documentary
Train|Aesthetic Film
Screamer|Horror
Pocahontas II: Journey to a New World|Action-Adventure
Rest Stop: Don't Look Back|Drama
Reign in Darkness|Comedy
Psychotropic Overload|Thriller
Safe Harbour|art house
Shark Attack 3: Megalodon|Thriller
Shadowheart|romantic comedy
Relentless 3|Drama
Regarding Billy|Adventure
Rigoletto|Thriller
Revolting|Comedy
Prancer Returns|Thriller
Scourge|Action-Adventure
Senior Skip Day|Science Fiction
The Last Patrol|Action-Adventure
The Memos|Fantasy
The Last Waltz|The Last Waltz is a touching story about an old man named Waltz, who has been in a coma in a nursing facility.
Superman II|Sci-Fi
The Big Sweat|Action/Adventure
The Back Nine|The Back Nine explores with the cast and writers of JOURNEYMAN what might have happened on the series had it not been canceled after 13 episodes.
The Feeding|Drama
The Graveyard of Death|Horror
Catacombs|thriller drama
Curse of Chucky|Comedy
Babes in the Woods|Horror
Chantal|mystery thriller
Attitude for Destruction|Horror
Crux|Drama
Cheerleader Autopsy|Drama
Bigfoot and the Muscle Machines|Drama
Book of Dragons|Romance
Champion Killer|Comedy Horror
Con Games|Thriller
Big Pun: The Legacy|Romantic Drama
Blood Feud|Action
Barbie: A Fairy Secret|Animated film
BURN-E|Family
Deadly Currency|Adventure
Ex$pendable|Philosophical Action Drama
Eating Alaska|Fisherman vs. vegetarian
Electric Zombies|Thriller
Dr. Chopper|Movie
Empty Spaces|Action
Dollman|Action
Driven to Kill|Action Thriller
El Chupacabra|unpredictable
First Impersonator|comedy
Davie & Golimyr|Fantasy
Elixir|Documentary
Flicka: Country Pride|Biographical Drama
Harry Knuckles and the Treasure of the Aztec Mummy|Drama
Hell and High Water|Action
Freaky Farley|Fantasy
Houseboat Horror|Comedy
In the Darkness|Thriller
AB-Negative|Psychological thriller
Amira|Adventure
Alvin and the Chipmunks Meet Frankenstein|Comedy
After Sundown|Horror
Alvin and the Chipmunks Meet the Wolfman|Comedy
All of Us|Documentary
Andros: Living Off the Land & Sea|Eco-tourism documentary
Aba's Dance|Comedy-Drama
American Crime|Horror
Bullying|Comedy, Drama
Bite Me!|Sports
Cuba|Thriller
Bikes|Adventure
Urban Struggle: The Battle of the Cuckoo's Nest|Action-Drama
Tremors 3: Back to Perfection|thriller
The Thirsting|Science Fiction
Wake Up Call|Thriller
Untitled|action
Threadbare|Thriller Drama
Treasure of Pirate's Point|Horror
The Sacred Sites of the Dalai Lamas: A Pilgrimage to the Oracle Lake|Thriller
Thicker Than Blood|Drama
Zapped Again!|Horror
Wisdom|horror-comedy
Passport to Paris|Mystery
Marie Curie|Documentary
Music for Montserrat|Horror
Necromaniac: Schizophreniac 2|Psychopathic Killer
Mr. Jingles|Horror/Thriller
Mr. Halloween|Comedy
Out of Annie's Past|Bounty hunter thriller
Necessity|dangerous artifact
Metamorphosis: Beyond the Screen Door|drama
Only for You|War
My Dog's Christmas Miracle|Comedy
Prison of the Dead|Action
Hostile Witness|Drama
Highlander: The Search for Vengeance|Action
Hood of the Living Dead|Action
Hollywould|Action Comedy
I'm Not There|comedy
In Silence|Mystery
Leona Calderon|Fantasy
Lessons in Love|Erotic Thriller
Magpie|Mystery
The Airzone Solution|Comedy
The Audience Strikes Back|Comedy, Drama
The Brotherhood 2: Young Warlocks|Action
The Big Auto Plant|Thriller
Star Hunter|Science Fiction
The Keeper of Time|romance
Tangerine Dream|Horror
Tha Westside|Action
Sword of Honor|Mystery
United in Anger: A History of ACT UP|Documentary
What Katy Did|Drama
Video Vixens|thriller
Ticking Clock|Adventure
Tierney Gearon: The Mother Project|Romance
Tripping the Rift: The Movie|Comedy
The Planet|action
U|Comedy
Skinwalker: Curse of the Shaman|Action
Scooby-Doo! Pirates Ahoy!|Comedy
Pooh's Grand Adventure: The Search for Christopher Robin|Thriller
Praxis|Comedy
Scalpel|Romance
Return to Hiroshima: Family Bonds and the Atomic Bomb|Crime
Scanners II: The New Order|Thriller
Robot Holocaust|Science Fiction
Realms of Blood|Fantasy
Pirates of Ghost Island|Pirate adventure
Sojourn|drama
Ring Around the Rosie|Horror
Snakes on a Train|Biographical drama
Retablo|mystery
Supergator|Family
Bloodthirst 2: Revenge of the Chupacabras|Biographical Drama
Barbie in the 12 Dancing Princesses|Thriller
Building Bridges|Documentary
Carnies|Crime
Blind Side|Thriller
Bachelor Party Overexposed|Horror
Carnal Crimes|Mystery
Bushwick Homecomings|Drama
Blood Cult|drama
Chronicling Narnia: The C.S Lewis Story|Documentary details some C.S Lweis life experiences and how these might have informed the creation of the book series 
Barbarian Queen II: The Empress Strikes Back|Thriller
Balto III: Wings of Change|Comedy
Blood Relic|Drama
Contagio|mystery
Blood Legend|Fantasy
Bazar|sinewy leader
Camp Blood 2|Documentary
C.B.D.: The Comic Book Diaries|Comedy
Curse of Pirate Death|Action
Bitten|drama
Caught in the Headlights|Thriller
Day of the Ax|Thriller
Finding the Future: A Science Fiction Conversation|thriller
Epicenter|Science Fiction
Dead Creatures|Biographical
Finding Billy!|Documentary
Dispatch|Adventure
Foster Child|Comedy-Horror
Dragonlance: Dragons of Autumn Twilight|Mystery
Devour|Horror
Dark Universe|Action
E.S.P.|Fantasy
Fast Women: The Ladies of Auto Racing|Drama
Dress Rehearsal|Dr. Fielding is working on an experiment, and Justin Kamen wants to know what it is. Kamen orders ex-FBI agent Jonas Spender to assemble a team of ex-Marines and Navy Seals, plus an IRA clean-up man called 
Gunfighters of the Old West|Horror-Sci-Fi
Gacy House|Horror
Giants|Action
Jesus Fish|Comedy
Alien Tracker|Thriller
A Pig's Tale|Drama
An American Girl: Chrissa Stands Strong|Mystery
A Trick of the Light|Horror Movie
Art of Revenge|Biographical
Air Bud: Seventh Inning Fetch|Horror
Brainwrap|comedy
Carnival of the Damned|Horror
Burning Bright|animation
Blood Ranch|Thriller
Book of Songs|Adventure
Before and After|Animation
Body of Influence|Movie
Vampirella|Western
Twisted Illusions|Comedy-Horror
Top Fighter|Comedy
The Queens of Comedy|Comedy
Westinghouse|Thriller
Turtle Beach|Biographical drama
Walking the Waking Journey|Horror
The Windsurfing Movie|Documentary
The Red Tail|Science Fiction
The World's Best Prom|sci-fi
Without a Paddle: Nature's Calling|Horror, adventure
Witness Protection|Comedy-Drama
Woods of Evil|thriller
Zombie Campout|Sports
Mummy Raider|Mystery
Messiah|Horror Movie
P.U.N.K.S.|Dress Rehearsal is an irreverent, humorous, and ultimately intimate portrait at the intersection of split second judgment and personal identity. As its premise, this short video answers the rhetorical question what do our clothes say about ourselves, with this question: what do we say about ourselves when our clothes make a statement?
Nemesis 2: Nebula|Science Fiction
Out for a Kill|Teen drama
Mickey's House of Villains|Animation
Personal Space|Biographical drama
One Family in Gaza|Biography
Party|Thriller
Maxwell Stein|Comedy Horror
Saturday's Warrior|Family drama
Scooby-Doo and the Loch Ness Monster|Mystery
R|Drama
Galileo|Comedy
Karas: The Prophecy|Action
Magic Island|adventure
Look|Coming-of-Age Drama
Kekkô Kamen|Science Fiction
Machine Head|Comedy
Lake Effects|Comedy
The Keeper of the Keys|Comedy
Species III|Drama
Take Me to the River|Animated
The End of the Line|Crime
The Cutting Edge: Going for the Gold|biography
Splatter Beach|War Documentary
The Feminine Touch|Science Fiction
The Books of John|Drama
Soundtrack to War|Comedy
Staunton Hill|Thriller
War Crimes|Action Thriller
The Prodigal Son|Fantasy
The Risen|Horror
Top Fighter 2|Mystery
What Black Men Think|Fantasy
Wedding Slashers|mystery
Tons of Love|Comedy
The Young Man Was, Part 1: United Red Army|Mystery
Vampire Dentist|Horror-Comedy
Transcend|The Chronicles of Narnia
The Vagrant|Comedy-Drama
Remote|Drama
Rabbit Hole|Drama
Slumber Party|Family
Sleepover Nightmare|Comedy Horror
Quest of the Delta Knights|Comedy-Drama
Scream Queen|Film
Sabbath|Comedy
Raptor|Family
Relentless IV: Ashes to Ashes|Paranormal Mystery
Sick and the Dead|action
Shades of Blue|Romance
Smokin' Aces 2: Assassins' Ball|Sports
Roddenberry on Patrol|Fright Club
Predator Island|sci-fi adventure
Submarines|Action
The Hunt for Eagle One: Crash Point|Documentary
The Chronicles of Riddick: Dark Fury|Thriller
The Doctor|Movie
The Extreme Adventures of Super Dave|Thriller
The Curse of Lizzie Borden|Science Fiction
The Fanglys|romance
The Corporal's Diary|Drama
Carrion|Occult detective story
Crush on U|Family drama with crush on little sister
Curse of the Zodiac|Romance
Café|Fantasy Action
Beethoven's 3rd|Drama
Cowboy Killer|Horror
Blindside|Movie
Bounty Tracker|Fantasy
Cadillac Man|Documentary
Carrier|experimental film
Company of Heroes|Dug is a cheerful, dim, short-legged dog, a walking sausage. On his birthday, he stumbles between a running bird and three dogs in chase; the bird gets away, and, in exasperation, the pack gives him mindless task after mindless task.
Caregiver|Western
Carry On|Dark Comedy
Bring It On: In It to Win It|Thriller
Baywatch: White Thunder at Glacier Bay|drama
Deadbolt|Drama
Delete|Documentary
For My Country|Documentary
First Impression|Adventure
Dug's Special Mission|Duets explores the pull between withdrawal and engagement. Duets was filmed in, and through the glass, of an aquarium tank. Within the confined space, a dance unfolds between water and animal life.
Deadly Outbreak|Movie
Dead Noon|comedy
Deadly Scavengers|Doug Baily''s father is weird, but a strange machine in the garage now makes him invisible too. Its a roller coaster ride of fun and hijinks as Doug tries to turn his invisible dad back to normal again.
Flesh Freaks|Thriller
Dark Side|Romance
Dubbed and Dangerous 3|Drama
Double Crossed|Short Film
Demon Under Glass|Mystery
Elijah|Crime
Estilo Hip Hop|Drama, Mystery
Dead Stop|Drama
Dragons: Gift of the Night Fury|Fantasy
Hanger|horror
Half-Life|animation
Hell to Pay|Sci-Fi
Hooligan|Fantasy
Jerkbeast|Biography
Ice Queen|Science Fiction
Howling IV: The Original Nightmare|Mystery/Thriller
Iggy Pop: Live San Fran 1981|Action
Aquarius|Movie
12 Rounds: Reloaded|Drama
Astoria|The Astoria is one of the oldest clubs on the British Columbia boxing scene,
Addams Family Reunion|Science fiction
A Cinderella Story: Once Upon a Song|Horror
Barack Obama: People's President|Drama
Border Blues|Romantic Comedy
Brain Smasher... A Love Story|Sci-Fi
Bad Hair Day|Drama Movie
The Shrunken City|Film noir
Virgin Island|Science Fiction
This Time Next Year|Family
Virtuality|Romance
Yearbook|Thriller
Your Move|Horror
Wild Things 2|Drama
Wu-Tang Saga|Drama
Witchunter|Fantasy
Young Hercules|Action-Adventure
One Breath|Mystery
Midnight Skater|drama
Murder in the Heartland: The Search for Video X|Drama
Manson Family Movies|Action
Mrs. Amworth|Action, Thriller
Out of Our Minds|Documentary
Old Hag|Comedy
Paula Rego: Telling Tales|Fantasy
My Life as an Underdog|Drama
Murdered|Thriller
Pavement: Slow Century|Documentary following filmmaker Armando Gonzales, as he battles to complete his latest short film TRANSCEND. He struggles through the pit falls of production all while fighting terminal cancer. This shocking document gives the viewer intimate access to one artist, to his process, and to his last days. 
Orange|Thriller
On the Verge|Adventure
The Adventures of Scooter the Penguin|Adventure
City of Rott|Zombie infested city
Creepshow III|Thriller
Deathstalker II|Reality TV
Hip Hop Life|nervously awaiting wedding
Gale Force|Reality-TV
8MM 2|Blackmail
The Wicked|Fantasy, Horror
K-911|Documentary tracing the existence of noted rock band Pavement from 1989 to their final performance in late 1999. The DVD also compiles all of their music videos, rare live footage, audio commentary from the band and directors, and two live concerts available with multiple angles.
Like a Puppet Out of Strings|Thriller
The Cell 2|The Cusp is a serial killer who kills his victims and then brings them back to life;
Star Wreck: In the Pirkinning|Fantasy
Razortooth|Thriller
Teen Titans: Trouble in Tokyo|Thriller
The Haunting Hour: Don't Think About It|Drama
Attack of the Super Monsters|horror
George of the Jungle 2|Drama
Inspector Gadget 2|Horror
Tremors 4: The Legend Begins|Thriller
Relentless: The Struggle for Peace in Israel|documentary
Leprechaun 3|Fantasy
The Alps|Documentary
Star Wars: Revelations|Drama
Bone Creek|Thriller
Champions of Faith: Baseball Edition|biographical drama
Death Factory|Movie
Corpses|Horror
Natural Enemy|Science Fiction Action Film
Schemes|magical realism
The Howling: Reborn|Thriller
Screamers: The Hunting|Biographical Drama
Rest Stop|Fantasy
Dead Space: Downfall|Fantasy
Dead Mary|Mystery
A Day in the Life|Drama
30 Days of Night: Dark Days|Drama
Insanitarium|Documentary
Green Flash|Musical Movie
Golden Scars|Film noir
Loss Prevention|Thriller
Tactical Assault|Thriller
The Hard Corps|fantasy
Strange Things Happen at Sundown|Adventure
Trancers III|Movie
Pocahontas II: Journey to a New World|Romance
Superman II|Mystery Movie
Curse of Chucky|Horror
Chantal|Drama
After Sundown|Action, Adventure, Thriller
American Crime|Crime
Tremors 3: Back to Perfection|Science Fiction
Mr. Halloween|Drama
Praxis|Action
Pirates of Ghost Island|Action
Snakes on a Train|Thriller
Carnies|Drama
Bitten|thriller
Dragonlance: Dragons of Autumn Twilight|Comedy
Gacy House|Thriller
Carnival of the Damned|Adventure
Vampirella|Action
P.U.N.K.S.|Comedy Horror
Out for a Kill|Movie
The Feminine Touch|Thriller
Vampire Dentist|Drama
Relentless IV: Ashes to Ashes|Documentary
The Chronicles of Riddick: Dark Fury|Dark Comedy
The Corporal's Diary|Comedy
Bring It On: In It to Win It|Adventure
Demon Under Glass|Drama
Dragons: Gift of the Night Fury|Thriller
Wild Things 2|Comedy
Murder in the Heartland: The Search for Video X|During the last major German offensive of World War II, a company of American soldiers is lost behind enemy lines during the Battle of the Bulge and they make a horrific discovery - Hitler has a super bomb in development. The soldiers soon learn about a secret allied mission to retrieve a defecting German scientist in charge of a Hitler''s weapons program.
City of Rott|Science Fiction
Creepshow III|Adventure
8MM 2|Incest
The Haunting Hour: Don't Think About It|comedy horror
Tremors 4: The Legend Begins|Sci-Fi
Relentless: The Struggle for Peace in Israel|Comedy-Drama
The Howling: Reborn|Documentary
Snakes on a Train|Fantasy Adventure
Dragonlance: Dragons of Autumn Twilight|Fantasy
The Chronicles of Riddick: Dark Fury|influence US news reporting
Bring It On: In It to Win It|Fantasy
Wild Things 2|Horror
The Howling: Reborn|Comedy
Illegal Business|Adventure
Harlem Blues|Action
Gone the Way of Flesh|Comedy
Horrorvision|Thriller
Lockjaw: Rise of the Kulev Serpent|Comedy
Kill Crazy|romance
Laughing Matters|biography
Kubrick's Odyssey: Secrets Hidden in the Films of Stanley Kubrick; Part One: Kubrick and Apollo|Twilight Zone type story
Just Business|Mystery
Lost Boys: The Thirst|Fantasy
Junk|action
Magic Kid|Fantasy
Killer Cop|Horror
The Lost Realities of Hog Caller|Documentary
The Killing Kind|romance
Sublime|Thriller
Tank|Action
Spring Break Massacre|Thriller
The Tooth Fairy|Music
The Spirits of Jupiter|Drama
The Prophecy: Uprising|Comedy
This Is Happening|family adventure
Under the Covers|Documentary
The Sandlot 2|Science Fiction
The Red Skulls|Documentary
Tweety's High-Flying Adventure|SCIENCE FICTION
Trancers 5: Sudden Deth|horror
Together Again for the First Time|Drama
The University Player|Family
Twisted Souls|Thriller
Pokémon: Mewtwo Returns|Horror
Scream Queen|Thriller
Scanner Cop II|sci-fi-fantasy
Second in Command|Thriller
Rappas|black comedy
Some Girls: Live in Texas '78|Drama
The Guests|DRAMA
Terror in the Pharaoh's Tomb|Comedy
Spirited|crime
The Big Green|Thriller
The Coven|Thriller
The Itch|adventure
The Horror Within|Comedy-Drama
The Life I Lived|Crime
Charles Manson Superstar|thriller-horror
Blood Equity|music
Cruel Intentions 3|Comedy
Circle of Fury|Adventure
Bachelor Party 2: The Last Temptation|Thriller
Cruel World|Thriller
Crazy Six|Drama
Bad Bug Bee and the Pirate Ants|Thriller
Cardcaptors: The Movie|Action
Coin Toss|Horror anthology film
Bring It On: All or Nothing|Drama
Cannibal Campout|Thriller
Farm|Horror
Dark September Rain|Documentary
Don't Let the Riverbeast Get You!|Horror
Forest Primeval|Horror
Family Guy Presents Stewie Griffin: The Untold Story|Romance
Fortune Cookie|Horror
Dan Turner, Hollywood Detective|Mystery
Fahrenhype 9/11|Thriller
Demon Resurrection|Thriller
Done the Impossible: The Fans' Tale of 'Firefly' and 'Serenity'|action
Earth to Mouth|Thriller
Flyin' Ryan|Comedy
Fersein's Gate|crime
Dolla Morte|Thriller
Fast Getaway|action
Empire Builder|Adventure
Final Round|drama
Doing Hard Time|Mystery
Fake I.D.|Thriller
Galerians: Rion|SCIENCE FICTION
Insane in the Brain|Horror
Gen 13|Romance
Into the Current: Burma's Political Prisoners|documentary
In the Same Boat|Comedy
Isle of the Damned|Action
Active Stealth|Biographical
Abe's Tomb|Horror
A Day in the Life|Documentary
Ark|Thriller
American Psycho II: All American Girl|paranormal
Arrested Soul|Thriller
Animosity|Western
Actors|Drama
Alien Secrets|COMEDY ANIMATION
Almost Invisible|Documentary
Baby Boy|Fantasy
Blood Sisters|Thriller
Carl|Drama
Children of the Corn 666: Isaac's Return|Thriller
Butcher Boys|Mystery
When I Grow Up|Comedy
The Sisters Four|thriller
Venomous|Comedy
The Trap Door|thriller
The Unknown Trilogy|Comedy
Zombie Wars|sci-fi
Zac Efron: The Ultimate Idol|Comedy
Zanzibar Dance, Trance, and Devotion|ANIMATION
Winning Isn't Everything|Thriller
You|Sci-Fi
Mr. Las Vegas|Drama
Oh, What a Night|Action
Palestine Blues|documentary
Metamorphoses|Music
Mitzi Gaynor: Razzle Dazzle! The Special Years|Thriller
Pass the Mic!|comedy
On the Way Home|screwball comedy
Maxx|Science Fiction
Modern Man|Documentary
MXP: Most Xtreme Primate|Horror
Minor Details|Drama
Pistol Whipped|Thriller
Home Made|horror-comedy
I Hate You|Documentary
Jose's Place|documentary series
Lost at War|action film
Late Marriage|romance
Kids Go to the Woods... Kids Get Dead|biography
Maintenance|Thriller
Malibu Eyes|Action
Machined|Horror
Living Death|Thriller
Joseph: King of Dreams|Drama
Kounterfeit|Horror
The Date|horror
Somewhere Else|Drama
The Evilmaker|Thriller
The Invincible Iron Man|Mystery-Thriller
The Evil Clergyman|Horror
Switchback: Trigger Your Senses|documentary
The Birthday Party|drama
What's Organic About Organic?|Thriller
The Stitcher|Western
Whatever She Wants|Thriller
The Web|Thriller
Tooth Fairy 2|Comedy
Who Are You?|Drama
Return to El Salvador|Drama
Queen Cobra|sci-fi
Remmer|Thriller
Running Funny|Drama
Pooh's Heffalump Halloween Movie|Biography
Psychic|Comedy-Drama
Rape Is a Circle|Thriller
Reasonable Doubt|Adventure
Rush in Rio|mystery
Serpent and the Sun: Tales of an Aztec Apprentice|Drama
Saturn|Action
Sinners and Saints|drama
Prom Night III: The Last Kiss|Comedy
Sanctuary: Lisa Gerrard|Thriller
Population 436|Comedy
Sniper 3|Science Fiction
Rot|Science Fiction
Poetry in Motion|animation
Roaming|COMEDY
Raging Hormones|Action
Singularity|Documentary
Poker Night|Thriller
Streets of Blood|Comedy
Something|Horror
Clockmaker|science fiction film
Blue Crush 2|Drama
Black Air: The Buick Grand National Documentary|documentary
Crossing Boundaries|inspiring documentary
Babyteeth|Comedy-Drama
Battlespace|COMEDY
Cover|Thriller
Cold Heart Canyon|Science Fiction
Busy Bodies|Drama
Bit Parts|Horror
Bloodstone: Subspecies II|Drama
Cold Blooded|thriller
Birthrite|Thriller
Corpses Are Forever|Drama
Between the Walls|drama
Cult of the Damned|action
Balzac|Drama
Executive Power|Mystery
Falling Through|documentary
Firehawk|Drama
Final Engagement|Thriller
Fear Runs Silent|Horror
Forbidden Foot|Thriller
Fear Itself|Family
Flicka 2|Science Fiction
Dare|Drama
Findher|Drama
In the Wind|Fantasy
Hawk's Vengeance|thriller
I Got Five on It|drama
Hermie & Friends: The Flo Show Creates a Buzz|Comedy
Hunted by Night|Biographical
An Irish Vampire in Hollywood|Fantasy
2|Musical
Abraham Lincoln vs. Zombies|Fantasy
American Alien|Fantasy
A Dennis the Menace Christmas|Science Fiction
A 2nd Chance|comedy
99 Pieces|Drama
A Girl Like Her|Family
7 Kilos|Sports
Arbor Daze|Action-Thriller
Amulet|Horror
Bare Witness|thriller
Crossing the American Crises: From Collapse to Action|Animated film
Breaking Boundaries: The Art of Alex Masket|Action
Behind Enemy Lines II: Axis of Evil|Fantasy
Bait Shop|adventure
Cool Blue|Action
The Stepdaughter|comedy
Visions of Suffering|Action
Truth Be Told|mystery
VeggieTales: King George and the Ducky|Thriller
Vengeance of the Dead|Horror
Winter Dreams|History
Love Blade|HORROR
Kindergarten Ninja|Mystery
Love Sick|sci-fi
Niagara Falls|DOCUMENTARY
Modern Tribalism|Documentary
Munto|Comedy
Messengers 2: The Scarecrow|Drama
Mosaic|DRAMA
No Matter What|adventure
Mercenary for Justice|Drama
Ocean Frontiers: The Dawn of a New Era in Ocean Stewardship|Documentary
Pastor Jones|Horror-Comedy
Most Honorable Son|Documentary
Outside the Wire|thriller
Night Rhythms|mystery
Mom, Can I Keep Her?|coming-of-age drama
Jericho's Echo: Punk Rock in the Holy Land|Documentary
Horno|Horror
Grave Mistake|Drama
Infestation|Science Fiction
Intermission|SCI-FI ADVENTURE
Leaving|Drama
King Midas|fantasy film
Long Pig|War
Legend of the Sea|Poetry
Kinky Kong|Mystery
Loss Prevention|Mystery
Last Order: Final Fantasy VII|Thriller
Johnson Family Dinner|Biography
Living Dead Lock Up 2: March of the Dead|UFO
Lost Contact|Thriller
Making Of|FANTASY
Lady and the Tramp II: Scamp's Adventure|Horror
Little Marines|Thriller
Stranger by Night|Romance
The Date|action-thriller
The Attack|Zombie
Stripper Academy|comedy
Summer's End|Animation
The Five|Romance
Take No Prisoners|crime thriller
The Midnight Disease|Comedy
The Golden Blaze| animated movie
The Last Vampire on Earth|Fantasy
Spine|fantasy
Traces of Death|romantic drama
Tree|Thriller
The Untold|Thriller
The Telling|Supernatural thriller
The Sparky Chronicles: The Map|Adventure
The Video Dead|Action
Theodore Rex|Horror
Toxic Soup|Thriller
The Timber|Biography
The Trade Off|Drama
Razor|Drama
Pocket Ninjas|Action
Scanners III: The Takeover|Action
Pink Pumpkins at Dawn|Science Fiction
Repos|Fantasy
Sexy Evil Genius|REALITY TV
Slaughtered|Horror
Sight|western
Rubbers|Family
Remnants|Romance
Secrets of Mary Magdalene|Documentary
Silent Night, Deadly Night 5: The Toy Maker|Science Fiction
Savage Harvest 2: October Blood|Horror
Project Shadowchaser III|science fiction
Slap Shot 2: Breaking the Ice|Romance
The Edison Death Machine|supernatural horror
Sweepers|Thriller
The Brotherhood III: Young Demons|horror
The Bitter End|Action
The Detonator|Thriller
The Conspiracy of Fear|Thriller
The ButterCream Gang|Family
The Elephant in the Room|Fantasy
Barbie in a Mermaid Tale 2|horror-comedy
Bloodlust|Horror
Bartok the Magnificent|fantasy
Blood Descendants|crime-drama
Bird Island|Mystery
Auto Recovery|Comedy
Bleeding Rose|COMEDY
Cadence|Thriller
Carolina Moon|Horror
Axiom|Horror
Chill Out|Drama
Blue Eyes|Thriller
Cinderella III: A Twist in Time|Thriller
Discovery|Horror
Empty|Horror
Fearless Tiger|mystery
Deeper|Historical drama
Darkman III: Die Darkman Die|Comedy-Drama
Dear Daddy|Thriller
Danger Close|Action
Dead Like Me: Life After Death|Action
Despiser|Crime
Echoes of Silence|Paranoid Thriller
Flight of Fury|Action
Decaying Orbit|Fantasy-Adventure
Emperor of Hemp|Sci-Fi
I Want My MTV|MUSICAL
I Got This|Science Fiction
Jail Party|crime
Good People, Bad Things|Drama
In the Beginning|Drama
Jack Frost 2: Revenge of the Mutant Killer Snowman|Thriller
Hot Boyz|Action
Honeymoon Academy|romance
From Dusk Till Dawn 3: The Hangman's Daughter|Comedy
Hunting Humans|Horror
Ghost Story|Family
Anne: Journey to Green Gables|Animation
2 Hitmen|Comedy
Armitage III: Poly Matrix|drama-romance
American Pie Presents: The Book of Love|Family
Amityville: A New Generation|horror
Alien Uprising|Comedy
Al otro lado|Thriller
All Jams on Deck|Drama
Amityville 1992: It's About Time|Adventure
A Pornstar Is Born|ROMANTIC COMEDY
Balance|Family
Bad Acid|Comedy
Camp Blood|Drama
Cat's Cradle|Romance
Boogeyman 3|Thriller
Bloodfist VI: Ground Zero|Fantasy
Curse of the Puppet Master|Adventure
Sublime|Thriller
The Tooth Fairy|Mystery
The Prophecy: Uprising|Suspense
Second in Command|thriller
Alien Secrets|Romance
Pistol Whipped|Horror
Living Death|Horror
Joseph: King of Dreams|Drama
The Invincible Iron Man|romance
The Stitcher|Action
Bit Parts|Documentary
7 Kilos|Drama-Thriller
No Matter What|Drama
Mercenary for Justice|Action
Long Pig|Fantasy
Living Dead Lock Up 2: March of the Dead|sci-fi
The Conspiracy of Fear|Thriller
Barbie in a Mermaid Tale 2|Science Fiction
Blue Eyes|Sequel
Cinderella III: A Twist in Time|Crime
Flight of Fury|Action
Good People, Bad Things|Thriller
Amityville 1992: It's About Time|Thriller
Boogeyman 3|Comedy-Drama
Curse of the Puppet Master|Animation
Sublime|Mystery
The Tooth Fairy|Thriller
The Invincible Iron Man|Musical
Bit Parts|thriller-horror
Amityville 1992: It's About Time|Science Fiction-Fantasy
Curse of the Puppet Master|horror
