id,title,production_year,kind,runtime_mins,genre,lang,director,writer
2094062,Made in Italy,2004,video movie,80.0,"Comedy, Drama",French (France),Stéphane Giusti,
2253333,Run,2012,video movie,102.0,Drama,French (France),Philippe Lacôte,"Philippe Lacôte,Gino Ventriglia,Michel Fessler"
1846568,Driven,2009,video movie,95.0,Mystery & thriller,English,Collin Everett,Collin Everett
1895399,Flowers,2005,video movie,110.0,Drama,Japanese,Norihiro Koizumi,"Shu Fujimoto,Yuiko Miura"
2182467,"Our Friend, Martin",1999,video movie,60.0,"Drama, Animation",English,"Rob Smiley,Vincenzo Trippetti","Chris Simmons,Dawn Comer Jefferson,Sib Ventress,Deborah Pratt"
2078907,Living Like a Common Man,2011,video movie,,"Documentary, Biography",English,"Isabelle Makay,Mario Rutten,Sanderien Verstappen",
1789210,Corpses Are Forever,2003,video movie,92.0,"Action, Horror",English,José Prendes,José Prendes
2520912,Zombie Wars,2007,video movie,81.0,Horror,English,David A. Prior,David A. Prior
1823067,Despair,2001,video movie,119.0,"Comedy, Drama",English,Rainer Werner Fassbinder,Tom Stoppard
2127400,Monster,2008,video movie,109.0,"Biography, Crime, Drama, Lgbtq+",English,Patty Jenkins,Patty Jenkins
2447872,Trapped,2010,video movie,97.0,Mystery & thriller,English,Deran Sarafian,
2311577,Static,2009,video movie,80.0,"Horror, Drama, Mystery & thriller",English,Todd Levin,"Gabriel Cowan,Todd Levin,Andrew Orci"
1826705,Dick,2007,video movie,95.0,Comedy,English,Andrew Fleming,"Andrew Fleming,Sheryl Longin"
2273231,Senior Skip Day,2008,video movie,81.0,Comedy,English,Nick Weiss,Evan Wasserstrom
1977187,Illegal in Blue,1995,video movie,91.0,"Mystery & thriller, Lgbtq+",English,Stu Segall,
2330431,Take a Chance,2006,video movie,90.0,"Romance, Comedy",English,John Lyde,"John Lyde,Troy Cullison"
2486711,Walking the Waking Journey,2009,video movie,75.0,"Drama, Adventure",English,Ferdinand John Balanag,Padmapani Perez
1709493,Bag Boy,2009,video movie,94.0,Comedy,English,Mort Nathan,"Hans Rodionoff,Mort Nathan"
1894093,Flatland,2007,video movie,95.0,"Fantasy, Sci-fi, Animation",English,Ladd Ehlinger Jr.,Tom Whalen
2289190,Sinbad,1992,video movie,98.0,Romance,English,Zoltán Huszárik,
1949691,Highlander: The Search for Vengeance,2007,video movie,86.0,"Action, Adventure, Sci-fi, Anime",English,Yoshiaki Kawajiri,David Abramowitz
1744788,Breaking Boundaries: The Art of Alex Masket,2009,video movie,19.0,"Documentary, Biography",English,Dennis Connors,
2227166,Queen Cobra,2007,video movie,80.0,Horror,English,Lewis Schoenbrun,
1787466,Contested Streets,2006,video movie,57.0,Documentary,English,Stefan C. Schaefer,
1702845,August Underground's Mordum,2003,video movie,,,,Jerami Cruise,
1706927,Baby,2011,video movie,22.0,"Comedy, Drama",,Yancey Arias,Yancey Arias
2387387,The Little Mermaid,1998,video movie,82.0,"Kids & family, Fantasy, Animation",English,"Ron Clements,John Musker","Roger Allers,Ron Clements,John Musker"
2424355,The Virgin Murders,2009,video movie,90.0,Horror,English,Tina Randolph McCulloch,"Raven Blackwood,Tina Randolph McCulloch"
2156967,No Matter What,2009,video movie,95.0,Drama,English,Cherie Saulter,Cherie Saulter
1815833,Demolition High,1996,video movie,85.0,Action,English,Jim Wynorski,
2440749,Together,2007,video movie,,Romance,English,Paul Duddridge,Paul Duddridge
2227457,Queer Duck: The Movie,2006,video movie,72.0,"Comedy, Lgbtq+, Animation",English,Xeth Feinberg,Mike Reiss
1983203,Indestructible,2009,video movie,118.0,Documentary,Chinese,Ben Byer,Ben Byer
1715564,Batman: Gotham Knight,2008,video movie,75.0,"Action, Adventure, Fantasy, Animation",English,"Yasuhiro Aoki,Futoshi Higashide,Toshiyuki Kubooka,Hiroshi Morioka,Jong-Sik Nam,Shoujirou Nishimi",
2426928,The Wild Card,2004,video movie,88.0,"Crime, Drama, Mystery & thriller",English,Tom Whitus,Tom Whitus
2380454,The Innocent,2006,video movie,107.0,Drama,English,John Schlesinger,
1988489,Invasion of the Pod People,2007,video movie,85.0,"Sci-fi, Mystery & thriller",English,Justin Jones,"Ron Magid,Leigh Scott,Jay Marks"
1866052,Embrace,2012,video movie,65.0,"Action, Crime, Drama, Horror, Mystery & thriller",English,Matt Macedo,Matt Macedo
2217105,Primal,2007,video movie,97.0,Action,English,Nick Powell,Richard Leder
2241671,Revamped,2007,video movie,85.0,Horror,English,Jeff Rector,"Antonio Olivas,Jeff Rector"
2443780,Torn,2011,video movie,90.0,Drama,English,"Frank E. Jackson Jr.,Diana Villamonte",Frank E. Jackson Jr.
1718815,Beethoven,2005,video movie,88.0,"Kids & family, Comedy",English,Brian Levant,"John Hughes,Amy Holden Jones"
2265196,Scarred,2004,video movie,91.0,"Drama, Romance",Italian,Mario Mattoli,"Eduardo De Filippo,Gino Capriolo"
1794195,Crossing the Line,2007,video movie,91.0,Documentary,English,Daniel Gordon,
1717897,Beauty and the Beast,1992,video movie,90.0,"Kids & family, Drama",German,Marc-Andreas Bochert,Marcus Hertneck
1798984,Da Block Party 2,2007,video movie,90.0,Comedy,English,Frank Pinnock,Daniel Garcia
2300069,Something,2011,video movie,86.0,"Drama, Horror",English,Stephen Portland,Stephen Portland
2413602,The Sisters Four,2008,video movie,104.0,"Horror, Mystery & thriller",English,Jim DeVault,"Jim DeVault,Patricia DeVault"
2041600,La herencia del ranchero,1998,video movie,90.0,Comedy,Spanish,,
2115147,Metamorphosis,2013,video movie,85.0,Documentary,English,"Nova Ami,Velcrow Ripper","Nova Ami,Velcrow Ripper"
2077897,Little Sister,2007,video movie,91.0,Drama,Dutch,Robert Jan Westdijk,
2368345,The Fight,2007,video movie,96.0,Documentary,English,"Elyse Steinberg,Josh Kriegman,Eli B. Despres",
2317704,Stuck,2005,video movie,82.0,Documentary,English,Thaddaeus Scheel,Jennifer Latham
1687722,Angel,2011,video movie,98.0,Drama,English,Ernst Lubitsch,
2178153,Open House,2004,video movie,97.0,Horror,English,Jag Mundhra,
2321263,Sunday School,2008,video movie,100.0,"Drama, Romance",English,Marcello Thedford,Aida Rodriguez
2064683,Legend,2008,video movie,168.0,"Crime, Drama",Telugu,Boyapati Srinu,Boyapati Srinu
1794112,Crossing,2009,video movie,78.0,Drama,English,Arthur Ian,Arthur Ian
2353765,The Butcher's Wife,2006,video movie,107.0,"Romance, Comedy, Lgbtq+",English,Terry Hughes,
1791300,Cowboy Killer,2008,video movie,81.0,"Horror, Comedy",English,Jason Baustin,
2253323,Run,2010,video movie,,,,Jeevan,
2377881,The Hitchhiker,1998,video movie,89.0,"Horror, Mystery & thriller",English,Leigh Scott,
2099392,Man About the House,2012,video movie,90.0,Comedy,English,John Robins,
1878440,Experiment in Torture,2007,video movie,80.0,Horror,English,Sean MacArthur,"Brendan Connor,Sean MacArthur,Sara Angressani"
1735559,Blood Cult,1985,video movie,92.0,Horror,English,Christopher Lewis,
1934740,Hallow's End,2003,video movie,90.0,"Horror, Mystery & thriller",English,Jon Keeyes,Christopher J. Burdick
1676666,All-Star Superman,2011,video movie,75.0,"Kids & family, Action, Adventure, Animation",English,Sam Liu,Dwayne McDuffie
1690867,Anthem,2012,video movie,92.0,Drama,English,Buzz Remde,"David C. Hayes,Robin Remde"
2051216,Lady Street Fighter,1985,video movie,75.0,Action,English,James Bryan,
1713492,Bare Witness,2002,video movie,88.0,Mystery & thriller,English,Kelley Cauthen,"Anthony L. Greene,Evan Spiliotopoulos"
2370305,The Formula,2002,video movie,117.0,Mystery & thriller,English,John G. Avildsen,
2516437,Yuri Gagarin Conspiracy: Fallen Idol,2009,video movie,90.0,Documentary,English,"Denny Hooten,Samuel Oldham","Elliot Haimoff,Barbara Sharp,Diane Tishkoff"
1885818,Fear,2010,video movie,96.0,Mystery & thriller,English,James Foley,Christopher Crowe
1774398,Christmas Miracle,2009,video movie,92.0,"Holiday, Drama",English,Terry Ingram,Joseph Nasser
1904102,Fright Club,2006,video movie,90.0,"Horror, Mystery & thriller",English,Tyger Torrez,
1822621,Desert Passion,1993,video movie,,,,Carlo Gustaff,
1735832,Blood Ranch,2006,video movie,90.0,Horror,English,Corbin Timbrook,Antonio Hernández
2379005,The House That Screamed,2000,video movie,104.0,Horror,English,Narciso Ibáñez Serrador,Narciso Ibáñez Serrador
2346707,The Babysitter,2006,video movie,85.0,"Horror, Comedy",English,McG,Brian Duffield
1896422,Follow Me,2009,video movie,88.0,Adventure,English,Gene McCabe,
1977310,Illusions,2011,video movie,96.0,"Horror, Mystery & thriller",English,Nicholas Naylor,Rod Grant
2351902,The Box,1998,video movie,113.0,"Horror, Sci-fi, Mystery & thriller",English,Richard Kelly,Richard Kelly
2169326,Off the Beaten Path,2004,video movie,21.0,Mystery & thriller,English,Dean Ferreira,Wofford Jones
2232497,Raptor,2001,video movie,81.0,"Sci-fi, Mystery & thriller",English,Jim Wynorski,"Frances Doel,Michael B. Druxman"
2444687,Touch,2007,video movie,,,,Christopher Houghton,
1988753,Invisible Mom II,1999,video movie,80.0,"Kids & family, Comedy",English,Fred Olen Ray,
1717897,Beauty and the Beast,1992,video movie,83.0,"Fantasy, Horror, Mystery & thriller, Romance",Czech,Juraj Herz,"Juraj Herz,Frantisek Hrubin,Ota Hofman"
2351773,The Boston Strangler,2006,video movie,116.0,"Crime, Drama",English,Richard Fleischer,Edward Anhalt
2351371,The Bond,2006,video movie,141.0,Drama,English,Jaron Ikner,Jaron Ikner
1852730,Echoes,2011,video movie,84.0,"Mystery & thriller, Crime, Drama",Spanish,Cristian Bernard,Gabriel Korenfeld
2244825,Riot,2010,video movie,95.0,Drama,English,"Galen Yuen,Alex Munoz,Richard DiLello,David C. Johnson","Galen Yuen,Richard DiLello,David C. Johnson"
2206684,Playhouse,2003,video movie,87.0,"Mystery & thriller, Horror",English,"Fionn Watts,Toby Watts","Fionn Watts,Toby Watts"
1768734,Chasing Yesterday,2008,video movie,91.0,"Comedy, Drama, Romance",English,Joseph Pernice,Joseph Pernice
2020248,King,2006,video movie,285.0,Biography,English,Abby Mann,
2420631,The Tower,2009,video movie,121.0,"Action, Mystery & thriller",Korean,Kim Ji-hoon,"Kim Sang-don,Yoo Young-ah,Kim Ji-hoon"
2381905,The Journey,2011,video movie,97.0,Drama,English,"Edwin Avaness,Emy Hovanesyan","Edwin Avaness,Emy Hovanesyan"
1925227,GoreGoyles: First Cut,2003,video movie,100.0,Horror,English,,
2080206,Lockjaw: Rise of the Kulev Serpent,2008,video movie,90.0,"Sci-fi, Horror",English,Amir Valinia,Evan Scott
2313421,Still Life,2007,video movie,85.0,Mystery & thriller,English,Graeme Campbell,
2105097,Martino Unstrung,2008,video movie,82.0,"Documentary, Music",English,Ian Knox,
1898792,Forever Yours,2010,video movie,80.0,Horror,English,Larry Rosen,Larry Rosen
1715008,Basket Case,2011,video movie,75.0,Documentary,Finnish,Oskari Pastila,Oskari Pastila
2223991,Pursuit,2011,video movie,86.0,Western,English,Vern Piehl,"Dewitt Lee,Jack Lee"
2404579,The Project,2008,video movie,83.0,Drama,English,Ryan Piotrowicz,Ryan Piotrowicz
2234181,Real,2010,video movie,91.0,Drama,English,Stephen Krist,
1938904,Harry Knuckles and the Pearl Necklace,2004,video movie,116.0,"Action, Comedy",English,Lee Demarbre,
2517761,Zapped Again!,1990,video movie,92.0,Comedy,English,Doug Campbell,
2087499,Love Story,2009,video movie,92.0,Romance,English,Florian Habicht,
2195300,"Peace, Propaganda & the Promised Land",2004,video movie,80.0,Documentary,Arabic,"Sut Jhally,Bathsheba Ratzkoff","Sut Jhally,Bathsheba Ratzkoff"
1736057,Bloodfist IV: Die Trying,1992,video movie,86.0,Adventure,English,Paul Ziller,
2403478,The Power Within,1995,video movie,97.0,Adventure,English,Art Camacho,
2294314,Slow Burn,1989,video movie,90.0,"Crime, Drama",English,John Eyres,
2409801,The Sacred Sites of the Dalai Lamas: A Pilgrimage to the Oracle Lake,2007,video movie,76.0,Documentary,English,Michael Wiese,Michael Wiese
1763700,Caught in the Act,1999,video movie,96.0,Drama,English,Jeffrey Reiner,Cynthia Whitcomb
1978946,Impulse,2008,video movie,101.0,Mystery & thriller,English,Charles T. Kanganis,Charles T. Kanganis
2366385,The Evilmaker,2000,video movie,99.0,Horror,English,John Bowker,John Bowker
1869817,Entanglement,2010,video movie,85.0,"Romance, Comedy",English,Jason James,Jason Filiatrault
1746983,Broken,1992,video movie,89.0,"Horror, Mystery & thriller",English,"Adam Mason,Simon Boyes","Adam Mason,Simon Boyes"
1823629,Destiny,2002,video movie,98.0,"Fantasy, Drama",,Fritz Lang,"Fritz Lang,Thea von Harbou"
2104084,Mark of the Astro-Zombies,2002,video movie,86.0,"Sci-fi, Horror",English,Ted V. Mikels,Ted V. Mikels
2158021,Noah's Ark,2010,video movie,47.0,Adventure,English,"Diane Eskenazi,Hazel Morgan",Jan Strnad
2054805,Last Rites,2006,video movie,88.0,Drama,English,Kevin Dowling,"Tim Frost,Richard Outten"
2312627,Stepmonster,1993,video movie,84.0,"Mystery & thriller, Comedy",English,Jeremy Stanford,
2077820,Little Red Riding Hood,2009,video movie,31.0,Fantasy,Unknown language,Leandro De Carvalho,Leandro De Carvalho
1851052,E,2001,video movie,125.0,"Mystery & thriller, Horror",Malayalam,Kuku Surendran,
1940511,Hawk's Vengeance,1996,video movie,96.0,Action,English,Marc F. Voizard,
2223991,Pursuit,2011,video movie,89.0,"Action, Crime, Drama, Romance, Mystery & thriller",English (United Kingdom),Paul Mercier,Paul Mercier
1813468,Deceit,2006,video movie,96.0,Mystery & thriller,English,John Sacret Young,John Sacret Young
1852732,Echoes,2011,video movie,88.0,"Drama, Horror, Mystery & thriller",English,Nils Timm,Nils Timm
2354791,The Carter,2009,video movie,75.0,"Documentary, Music",English,Adam Bhala Lough,
2378531,The Horror Within,2005,video movie,80.0,Horror,English,Tom Sanders,Tom Sanders
1940761,Haywire,2011,video movie,92.0,"Action, Mystery & thriller",English,Steven Soderbergh,Lem Dobbs
2191878,Partners,2003,video movie,98.0,"Comedy, Drama",English,James Burrows,
1663593,Absolution,2003,video movie,95.0,Drama,English,Anthony Page,Anthony Shaffer
1878012,Exit,1996,video movie,90.0,Drama,English,Marek Polgar,Martyn Pedler
1908754,G.I. Joe: Valor vs. Venom,2004,video movie,77.0,"Kids & family, Action, Adventure, Sci-fi, Animation",English,Dale Carman,"Judith Reeves-Stevens,Garfield Reeves-Stevens"
1642815,7 Angels in Eden,2007,video movie,82.0,"Drama, Mystery & thriller",English,Marshall Mills,Marshall Mills
1752572,Butcher House,2006,video movie,84.0,Horror,English,Christopher Hutson,Christopher Hutson
2288804,Simple Things,2011,video movie,106.0,"Comedy, Drama",Russian,Aleksei Popogrebsky,Aleksei Popogrebsky
1894742,Flinch,1994,video movie,93.0,"Mystery & thriller, Romance",English,George Erschbamer,Neal H. Dobrofsky
2363825,The Double 0 Kid,1992,video movie,94.0,"Action, Comedy, Mystery & thriller",English,Dee McLachlan,"Steven Paul,Stuart Paul,Andrea Buck,Dee McLachlan"
2372261,The Gift,2011,video movie,105.0,Comedy,English,Michel Lang,
1694916,Ark,2005,video movie,84.0,"Sci-fi, Animation",English,Kenny Hwang,"Jordan Itkowitz,David A. Weinstein"
1681307,American Nightmare,2002,video movie,93.0,Horror,English,Jon Keeyes,Jon Keeyes
1845580,Dreamland,2011,video movie,92.0,"Crime, Drama, Comedy",English,Bruce McDonald,"Tony Burgess,Patrick Whistler"
2346509,The Awakening,2005,video movie,83.0,Mystery & thriller,English,Vince Rotonda,"Vince Rotonda,Brian Schaefer"
2006399,Junction,2004,video movie,91.0,"Mystery & thriller, Crime, Drama",English,Tony Glazer,Tony Glazer
2357157,The Codes,2000,video movie,80.0,Drama,Polish,Wojciech Has,Andrzej Kijowski
1849440,Dust,2011,video movie,27.0,Documentary,Spanish,Angela Reginato,
1804474,DarkPlace,2007,video movie,93.0,"Horror, Mystery & thriller",English,Philip Adrian Booth,"Philip Adrian Booth,Christopher Saint Booth"
1936654,Hansel and Gretel,2007,video movie,96.0,Kids & family,English,James Frawley,
2496090,When Sparks Fly,1997,video movie,86.0,"Holiday, Romance",English,Gary Yates,Carol Starr Schneider
1716070,Battlespace,2006,video movie,87.0,Sci-fi,English,Neil Johnson,Neil Johnson
1984128,Infinite,2003,video movie,106.0,"Sci-fi, Action, Mystery & thriller",English,Antoine Fuqua,Ian Shorr
2305173,Species: The Awakening,2007,video movie,103.0,"Sci-fi, Mystery & thriller",English,Nick Lyon,Ben Ripley
2447872,Trapped,2010,video movie,87.0,Horror,English,Drew Stewart,Drew Stewart
1718000,Beauty Queen Butcher,1991,video movie,,,,Jill Zurborg,
1939227,Harvesters,2001,video movie,90.0,"Horror, Mystery & thriller",English,Joe Ripple,
2202162,Pieces,2009,video movie,85.0,Horror,English,Juan Piquer Simon,"Joe D'Amato,Dick Randall"
2196018,Pegadas Salgadas,2012,video movie,76.0,"Documentary, Action, History, Drama",Portuguese (Brazil),Luciano Burin,Luciano Burin
1681307,American Nightmare,2002,video movie,75.0,Documentary,English,Adam Simon,Adam Simon
2482551,Voices,2012,video movie,108.0,"Horror, Mystery & thriller",English,Nathaniel Nuon,Nathaniel Nuon
2372228,The Gift,2005,video movie,2.0,"Kids & family, Animation",English,,
1890412,Final Engagement,2007,video movie,90.0,Action,English,Ari Novak,
2103029,Maria,2011,video movie,90.0,"Action, Crime, Drama",Filipino,Pedring Lopez,"Pedring Lopez,Yz Carbonell,Rex Lopez"
2398846,The One,2006,video movie,87.0,"Action, Adventure, Sci-fi, Mystery & thriller, Fantasy",English,James Wong,"Glen Morgan,James Wong"
1980512,In Pursuit of a Dream,2010,video movie,83.0,Documentary,English,Bob Noll,Candy Moulton
2459437,Ultimate Force,2005,video movie,91.0,"Action, Mystery & thriller",English,Mark Burson,Mark Burson
2305081,Special Forces,2003,video movie,93.0,Action,English,Isaac Florentine,David N. White
1786747,Connected,2013,video movie,111.0,"Action, Adventure, Crime, Drama, Mystery & thriller",Chinese,Benny Chan Chi-Shun,"Larry Cohen,Alan Yuen"
1937332,Happy Hour,2009,video movie,93.0,"Comedy, Drama",English,Mike Bencivenga,"Richard Levine,Mike Bencivenga"
2352459,The Break,2012,video movie,107.0,"Crime, Drama",English (United Kingdom),Michael Elkin,Michael Elkin
1789209,Corpses,2004,video movie,90.0,"Horror, Comedy",English,Rolfe Kanefsky,Rolfe Kanefsky
1735952,Blood Ties,2011,video movie,100.0,Horror,English,Jim McBride,
2370229,The Forgotten Coast,2007,video movie,75.0,Documentary,English,Justin Le Pera,"Justin Le Pera,Travis Potter"
2077897,Little Sister,2007,video movie,,,,Walter Hill,
2183448,Out of the Past,2009,video movie,65.0,Documentary,English,Jeff Dupre,Michelle Ferrari
2149629,Neon,2010,video movie,84.0,Documentary,English,Lawrence Johnston,Lawrence Johnston
2314695,Storm,1999,video movie,105.0,Drama,English,Hans-Christian Schmid,"Bernd Lange,Hans-Christian Schmid"
2265196,Scarred,2004,video movie,87.0,Horror,English,Jon Hoffman,
2404721,The Prophecy: Uprising,2005,video movie,88.0,"Horror, Mystery & thriller",English,Joel Soisson,
1735852,Blood Relations,2010,video movie,88.0,Horror,English,Graeme Campbell,
1986207,Insight,2007,video movie,80.0,Action,English,"Livi Zheng,Ken Zheng",Ken Zheng
2357899,The Condition of the Working Class,2012,video movie,82.0,Documentary,English,"Deirdre O'Neill,Mike Waye",
2392971,The Meaning of Life,2008,video movie,12.0,"Fantasy, Drama, Animation",English,Don Hertzfeldt,
2345007,The Anniversary,2009,video movie,95.0,"Comedy, Drama",English,"Roy Ward Baker,Jimmy Sangster",Jimmy Sangster
1742246,Bottoms Up,2006,video movie,45.0,Documentary,English,Kurt Williams,
2234961,Rebellion,2012,video movie,100.0,"Crime, Drama",Chinese,Herman Yau,
1674434,Alice in Wonderland,1995,video movie,52.0,Fantasy,,W.W. Young,W.W. Young
2113966,Mercenary,1996,video movie,102.0,Action,English,Avi Nesher,
2375664,The Guest,2005,video movie,99.0,"Action, Mystery & thriller, Comedy",English,Adam Wingard,Simon Barrett
1915278,Get a Life,2006,video movie,115.0,Drama,French (Canada),Joao Canijo,"Joao Canijo,Celine Pouillon,Pierre Hodgson"
1910073,Game Day,2007,video movie,82.0,Comedy,English,Shane Trace,
2404426,The Prodigal Son,1990,video movie,100.0,Action,Chinese,Sammo Hung Kam-Bo,"Sammo Hung Kam-Bo,Jing Wong,Barry Ping-Yiu Wong"
2444040,Tortillas Again?,2006,video movie,72.0,Comedy,English,"Paul Ramirez,Sergio Ramirez","Sergio Ramirez,Mattnew Ramirez"
2380000,The Incident,2000,video movie,100.0,"Sci-fi, Mystery & thriller",Spanish,Isaac Ezban,Isaac Ezban
1811311,Dead On: Relentless II,1992,video movie,93.0,Mystery & thriller,English,Michael Schroeder,
1763726,Caught in the Headlights,2006,video movie,92.0,"Action, Mystery & thriller",English,Gavin Wilding,
2364984,The Egoists,2010,video movie,136.0,Drama,Japanese,Ryuichi Hiroki,Satoko Okudera
2173994,On the Road,2008,video movie,112.0,"Documentary, Drama",English (United Kingdom),"Michael Winterbottom,Lee Chang-jae",Michael Winterbottom
2218062,Prison Break: The Final Break,2009,video movie,88.0,"Mystery & thriller, Action, Drama",English,,
2008063,Justice League: The Flashpoint Paradox,2013,video movie,75.0,"Action, Adventure, Fantasy, Animation",English,Jay Oliva,James Krieg
1879738,Eyes of a Beginner,2012,video movie,115.0,"Adventure, Drama, Romance",English,Rob Beare,Rob Beare
2403486,The Powerpuff Girls: 'Twas the Fight Before Christmas,2002,video movie,,"Animation, Comedy, Kids & family",English,Robert Alvarez,
1731147,Bittersweet,2010,video movie,101.0,"Drama, Foreign",English,Anant Mahadevan,Anant Mahadevan
1882585,Family Guy Presents Stewie Griffin: The Untold Story,2005,video movie,,,,Pete Michels,
2208387,Poetry in Motion,2001,video movie,90.0,Documentary,English,Ron Mann,
2475522,Vengeance,2011,video movie,108.0,"Action, Crime, Drama, Mystery & thriller",English,Johnnie To,Ka-Fai Wai
1880214,Fabric of Time,2007,video movie,58.0,Documentary,English,David Priest,Joseph Meier
2325952,Sweet Dreams,2011,video movie,84.0,Documentary,English,"Rob Fruchtman,Lisa Fruchtman",
2395956,The Mutilation Man,1998,video movie,79.0,"Horror, Mystery & thriller",English,"Derek Cole,Shane Cole","Derek Cole,Shane Cole"
1885573,Faustbook,2006,video movie,80.0,Horror,English,Eric Leiser,Jacob Faust
2281277,Shelter,2009,video movie,97.0,"Drama, Sci-fi, Mystery & thriller",English,"Wrion Bowling,Adam C. Caudill","Wrion Bowling,Adam C. Caudill"
1937898,Hard Luck,2006,video movie,22.0,Comedy,,"Edward F. Cline,Buster Keaton","Edward F. Cline,Buster Keaton"
2236165,Red Nights,1988,video movie,98.0,Mystery & thriller,French (France),"Julien Carbon,Laurent Courtiaud","Julien Carbon,Laurent Courtiaud"
1777547,City of Fear,2000,video movie,96.0,"Action, Mystery & thriller",English,Mark Roper,Les Weldon
1773372,Choices,2010,video movie,,Drama,English,Aeyron Moore,Lamar Kukuk
2381281,The Itch,2011,video movie,100.0,Comedy,English,Chibuike Ibe,"Echobu Michael Garuba,Brenda Ogbukaa-Garuba"
2127532,Monster Mash,2000,video movie,83.0,"Musical, Comedy",English,"Joel Cohen,Alec Sokolow","Joel Cohen,Alec Sokolow"
2361260,The Dead Sleep Easy,2007,video movie,,"Action, Drama",English,Lee Demarbre,Ian Driscoll
2481236,Visitors,2005,video movie,87.0,Documentary,English,Godfrey Reggio,Godfrey Reggio
1843058,Doula! The Ultimate Birth Companion,2010,video movie,60.0,Documentary,English,Toni Harman,
2355247,The Cellar,2006,video movie,90.0,Horror,English,Kevin Tenney,
1762968,Cat's Cradle,2012,video movie,,,,Alexandre Stockler,
1777929,Claim,2007,video movie,,,,Martin Lagestee,
2206684,Playhouse,2003,video movie,83.0,"Horror, Comedy",English,Hunter F. Roberts,Hunter F. Roberts
1781150,Code Black,2008,video movie,82.0,"Documentary, Drama",English,Ryan McGarry,"Ryan McGarry,Joshua Altman"
2222115,Psychotropic Overload,1994,video movie,76.0,Mystery & thriller,English,Joseph F. Alexandre,Joseph F. Alexandre
1694429,Arena,1985,video movie,95.0,Action,English,Jonah Loop,"Robert Martinez,Michael Hultquist"
1665212,Acts of Violence,2006,video movie,,"Action, Drama",English,Il Lim,Il Lim
2074833,Lightning Strikes Twice,2005,video movie,91.0,Mystery & thriller,English,King Vidor,Lenore J. Coffee
2241798,Revenge,1986,video movie,124.0,"Mystery & thriller, Drama",English,Tony Scott,
2378538,The Horse,2010,video movie,80.0,"Crime, Drama, Mystery & thriller",English,Pierre Granier-Deferre,"Pierre Granier-Deferre,Pascal Jardin"
1721599,Beneath,2011,video movie,82.0,"Horror, Mystery & thriller",English,Dagen Merrill,"Dagen Merrill,Kevin Burke"
1691318,Ants,2004,video movie,92.0,Drama,English,Sunil Babbar,Bharati Babbar
2050401,Labor Day,2009,video movie,76.0,Documentary,English,Glenn Silber,
1966499,I Be Done Been Was Is,1984,video movie,60.0,Documentary,English,Debra Robinson,
2382434,The Key,2008,video movie,82.0,Drama,English,Michael Curtiz,"Laird Doyle,R. Gore Brown,J.L. Hardy"
2466895,Uninvited,1988,video movie,90.0,Western,English,Michael Derek Bohusz,
2350486,The Black Ninja,2003,video movie,91.0,Action,English,Clayton Prince,
1947118,Heroes,2011,video movie,140.0,Drama,Hindi,Samir Karnik,"Samir Karnik,Aseem Arora"
1776158,Cinderella,1996,video movie,,,,Pierre Caron,
1810786,Dead & Rotting,2002,video movie,72.0,"Horror, Mystery & thriller",English,David P. Barton,"David P. Barton,Douglas Snauffer"
1696308,Art Safari,2009,video movie,,,,Ben Lewis,
1717897,Beauty and the Beast,1992,video movie,84.0,"Kids & family, Fantasy, Animation",English,"Gary Trousdale,Kirk Wise",Linda Woolverton
1872650,Escape,2010,video movie,88.0,Mystery & thriller,English,Richard Styles,
1724016,Between,,video movie,92.0,Mystery & thriller,English,David Ocanas,Robert Nelms
1837585,Doctor Who: Shada,1992,video movie,,,,Pennant Roberts,
1785508,Con Games,2001,video movie,90.0,Drama,English,Jefferson Edward Donald,Jefferson Edward Donald
1794202,Crossing the Line,2010,video movie,93.0,Drama,English,David Leland,
2304731,Sparky,2009,video movie,,,,Unknown Director,
2263789,Savage Harvest 2: October Blood,2006,video movie,119.0,Horror,English,Jason Christ,Jason Christ
2287936,Silent Voice,2008,video movie,120.0,Drama,French (Canada),Léa Fehner,"Léa Fehner,Catherine Paillé"
2235347,Recoil,2007,video movie,93.0,Action,English,Terry Miles,John Sullivan
2318753,Submission,2006,video movie,120.0,Drama,,Leonardo António,
1735527,Blood Brothers,2012,video movie,85.0,"Crime, Drama, Action",Chinese,Ching-Po Wong,Chi-long To
2499560,Why Did I Get Married?,2006,video movie,118.0,"Comedy, Drama",English,Tyler Perry,Tyler Perry
2292073,Skin and Bones,2012,video movie,90.0,Drama,English,Johanne Pregent,
1672660,Aladdin,1992,video movie,90.0,"Kids & family, Musical, Comedy, Adventure, Fantasy, Animation",English,"Ron Clements,John Musker","Roger Allers,Ron Clements,Ted Elliott,John Musker,Terry Rossio"
1984182,Infinity's Child,1999,video movie,,,,Jan Nickman,
2372261,The Gift,2011,video movie,13.0,"Drama, Biography",English (United Kingdom),Gabriel Robertson,Gabriel Robertson
2356822,The Clique,2008,video movie,87.0,"Kids & family, Comedy",English,Michael Lembeck,Liz Tigelaar
1846225,Drift,2010,video movie,113.0,Drama,English,"Ben Nott,Morgan O'Neill",Morgan O'Neill
2395779,The Muse,2010,video movie,90.0,"Horror, Mystery & thriller",English,Rufus Chaffee,Rufus Chaffee
1717916,Beauty and the Beast: The Enchanted Christmas,1997,video movie,72.0,"Kids & family, Holiday, Musical, Animation",English,Andy Knight,Flip Kobler
1645907,A Christmas to Remember,2012,video movie,84.0,"Holiday, Drama, Romance",English,David Weaver,"Dorie Barton,Jay Lowi"
1948897,Hide and Seek,2008,video movie,,"Horror, Mystery & thriller",Filipino,Rahyan Carlos,Gina Marissa Tagasa
2382433,The Key,2007,video movie,90.0,Horror,English,"Gedeon Burkhard,Markus F. Adrian","Olaf Ittenbach,Gedeon Burkhard"
1645960,A Cinderella Story: Once Upon a Song,2011,video movie,90.0,"Romance, Comedy",English,Damon Santostefano,"Erik Patterson,Jessica Scott"
2452884,Tsunami Beach Club,2008,video movie,85.0,Mystery & thriller,English,Anthony Fankhauser,
2411369,The Secret of NIMH 2: Timmy to the Rescue,1998,video movie,70.0,"Kids & family, Adventure, Animation",English,Dick Sebast,
2486182,Wake Up Call,2012,video movie,90.0,Drama,Spanish (Spain),Ángel Suárez-Moreno,
1870543,Envy,2002,video movie,99.0,Comedy,English,Barry Levinson,Steve Adams
1882096,False Alarm,2006,video movie,54.0,"History, Drama",,Nick Lyell,
2077897,Little Sister,2007,video movie,126.0,Drama,Japanese,Hirokazu Koreeda,Hirokazu Koreeda
2065452,Lemonade,2007,video movie,35.0,Drama,English,Charles S. Dubin,
1776156,Cinderella,1994,video movie,87.0,"Kids & family, Drama, Animation",Italian,Riccardo Corradi,Orlando Corradi
2372225,The Gift,2004,video movie,13.0,"Drama, Biography",English (United Kingdom),Gabriel Robertson,Gabriel Robertson
2378740,The House,2008,video movie,90.0,"Mystery & thriller, Horror",German,Reinert Kiil,Reinert Kiil
2050401,Labor Day,2009,video movie,111.0,"Romance, Drama",English,Jason Reitman,Jason Reitman
2425955,The Web,2003,video movie,87.0,"Crime, Drama",English,Michael Gordon,
1914005,Genius,2006,video movie,104.0,"Biography, History, Drama",English,Michael Grandage,John Logan
2366560,The Expedition,2008,video movie,103.0,"Adventure, Sci-fi",English,Adam Spinks,"Ben Loyd-Holmes,Adam Spinks"
2433142,Three Blind Mice,2012,video movie,94.0,"Comedy, Drama",English,Matthew Newton,Matthew Newton
2191965,Party,2010,video movie,95.0,Drama,Portuguese (Brazil),Manoel de Oliveira,Manoel de Oliveira
2162935,Numb,2008,video movie,75.0,Sci-fi,English,Michael Ferris Gibson,
1980953,In the Beginning,2010,video movie,130.0,Drama,French (Canada),Xavier Giannoli,"Xavier Giannoli,Marcia Romano"
1804424,Darkman II: The Return of Durant,1995,video movie,93.0,Horror,English,Bradford May,
1662231,Abandoned,2010,video movie,93.0,Mystery & thriller,English,Michael Feifer,Peter Sullivan
1923754,Gone,2013,video movie,88.0,"Mystery & thriller, Horror, Drama",English,Ringan Ledwidge,"Andrew Upton,James Watkins"
1839338,Domino Effect,2008,video movie,76.0,"Documentary, Drama",Russian,"Elwira Niewiera,Piotr Rosolowski","Elwira Niewiera,Piotr Rosolowski"
1734402,Blind,2004,video movie,106.0,"Drama, Romance",English,Michael Mailer,John Buffalo Mailer
2019054,Kill Kane,2009,video movie,74.0,"Mystery & thriller, Crime, Drama",English,Adam Stephen Kelly,"Adam Stephen Kelly,Andrew Jones,Christian Sellers"
2120223,Mine,2013,video movie,83.0,"Drama, War",English,Xavier Leret,Xavier Leret
1704926,Awaken,2010,video movie,89.0,"Action, Horror, Mystery & thriller",English,Mark Atkins,Natalie Burn
1687766,Angel Dust,2009,video movie,117.0,Mystery & thriller,Japanese,Sogo Ishii,
2013117,Karen,1995,video movie,89.0,"Mystery & thriller, Biography, Drama",English,Coke Daniels,Coke Daniels
2241455,Return to Sender,2010,video movie,95.0,"Mystery & thriller, Drama",English,Fouad Mikati,"Patricia Beauchamp,Joe Gossett"
2355608,The Chase,2006,video movie,88.0,"Action, Comedy",English,Adam Rifkin,Adam Rifkin
2077543,Little Marines,1991,video movie,86.0,Adventure,English,A.J. Hixon,
2319362,Sudden Impact,2008,video movie,117.0,"Action, Mystery & thriller",English,Clint Eastwood,"Harry Julian Fink,Rita M. Fink,Charles B. Pierce,Earl E. Smith,Joseph Stinson"
1845058,Dream,2010,video movie,95.0,"Drama, Fantasy, Mystery & thriller, Romance",Korean,Kim Ki-duk,Kim Ki-duk
1675555,All God's Children,2001,video movie,104.0,Drama,English,Jerry Thorpe,
2397117,The New Monsters,2008,video movie,90.0,Comedy,Italian,"Mario Monicelli,Dino Risi,Ettore Scola","Agenore Incrocci,Ruggero Maccari,Bernardino Zapponi"
1849440,Dust,2011,video movie,124.0,"Western, Drama",English,Milcho Manchevski,Milcho Manchevski
2423668,The Van,2003,video movie,105.0,"Comedy, Drama",English,Stephen Frears,Roddy Doyle
1740688,Book of Songs,2010,video movie,88.0,Drama,English,Noel Howell,Delsea Flowers
2191946,Parts of the Family,2003,video movie,85.0,"Horror, Comedy",English,"Léon Paul De Bruyn,Gabriel Friedman",
2236617,Redemption,2007,video movie,102.0,"Crime, Drama",Portuguese,Mickey Fonseca,Mickey Fonseca
2499251,Who's Your Daddy?,2004,video movie,105.0,Comedy,English,Andy Fickman,"Maria Veltre Druse,Jack Sekowski,Maria Veltre Druse,Jack Sekowski,Andy Fickman"
2125724,"Mom, Can I Keep Her?",1998,video movie,90.0,Adventure,English,Fred Olen Ray,
1972051,Id,2008,video movie,104.0,Mystery & thriller,Japanese,Kei Fujiwara,Kei Fujiwara
2425142,The Wanderer,2006,video movie,115.0,"Drama, Romance",French (Canada),Jean-Gabriel Albicocco,"Jean-Gabriel Albicocco,Isabelle Riviere"
1930837,Gulliver's Travel,2005,video movie,72.0,"Kids & family, Adventure, Animation",Unknown language,Anita Udeep,
2425131,The Waltz,2012,video movie,85.0,Drama,Italian,Salvatore Maira,Salvatore Maira
1846221,Drift,2009,video movie,98.0,Drama,,Helena Wittmann,"Helena Wittmann,Theresa George"
1759494,Captive,2008,video movie,88.0,"Action, Mystery & thriller",English,"Jordan Brown,Jonatan Burnett","Jordan Brown,Jonatan Burnett"
1852139,Easy Money,2012,video movie,119.0,"Mystery & thriller, Crime, Drama",Swedish,Daniel Espinosa,Maria Karlsson
1714444,Barricade,2007,video movie,75.0,Western,English,Peter Godfrey,William Sackheim
2159526,Nora's Hair Salon 3: Shear Disaster,2011,video movie,79.0,Comedy,English,Rico Johnson,Peter Harmon
1674634,Alien Agent,2007,video movie,94.0,"Sci-fi, Mystery & thriller",English,Jesse V. Johnson,
2381905,The Journey,2011,video movie,93.0,"Romance, Comedy",English,Scott Marcano,
2205877,Plato's Run,1997,video movie,96.0,Action,English,James Becket,
2472546,Valentine,2008,video movie,96.0,Horror,English,Jamie Blanks,"Tom Savage,Donna Powers,Wayne Powers,Gretchen J. Berg,Aaron Harberts"
2379450,The Hunters,2011,video movie,90.0,"Adventure, Fantasy",English,Nisha Ganatra,"Matthew Huffman,Jeffrey Schecter"
2364984,The Egoists,2010,video movie,136.0,Drama,Japanese,Ryuichi Hiroki,Satoko Okudera
2410127,The Sandlot 2,2005,video movie,103.0,"Kids & family, Comedy",English,David M. Evans,David M. Evans
1808190,Dawn,2009,video movie,119.0,Drama,English,Cynthia L. Leon,Cynthia L. Leon
2372228,The Gift,2005,video movie,13.0,"Drama, Biography",English (United Kingdom),Gabriel Robertson,Gabriel Robertson
1815796,Democrazy,2005,video movie,73.0,Comedy,English,Michael Legge,Michael Legge
1729720,Bingo,2010,video movie,90.0,"Kids & family, Comedy",English,Matthew Robbins,Jim Strain
2237738,Rehguzar,1985,video movie,210.0,Drama,Hindi,Faruq Masudi,
2441382,Tom and Jerry Meet Sherlock Holmes,2010,video movie,50.0,"Kids & family, Comedy, Animation",English,"Jeff Siergey,Spike Brandt",Earl Kress
2084411,Losers of the Year,2005,video movie,110.0,Comedy,English,Ken Bogardt,"Ken Bogardt,Robert L. Brodmerkel"
1875845,Eve,2010,video movie,77.0,Mystery & thriller,English,Rory Kindersley,"Rory Kindersley,Drew Sherring-Hill"
2372234,The Gift,2007,video movie,62.0,"Documentary, Lgbtq+",English,Louise Hogarth,
2491135,Wednesday,2006,video movie,15.0,Drama,English,Daniel Willis,
2487823,War of the Dead,2006,video movie,86.0,"Horror, Action",English,Marko Mäkilaakso,"Marko Mäkilaakso,Barr B. Potter"
2356357,The Church,2006,video movie,81.0,Horror,English,Dom Frank,Dom Frank
1689053,Animusic,2001,video movie,,,,Unknown Director,
2108548,Maya Deren's Sink,2011,video movie,30.0,"Documentary, Biography",English,Barbara Hammer,Barbara Hammer
1672671,Aladdin and the King of Thieves,1996,video movie,82.0,"Kids & family, Musical, Animation",English,Tad Stones,"Mark McCorkle,Robert Schooley"
2411124,The Secret,2006,video movie,107.0,"Romance, Drama",French (Canada),Virginie Wagon,"Virginie Wagon,Erick Zonca"
2178164,Open House,2010,video movie,86.0,Mystery & thriller,English,Andrew Paquin,Andrew Paquin
2005213,Judgment,1996,video movie,90.0,Drama,English,Tom Topor,
1731544,Black and White,2011,video movie,99.0,Drama,English,Craig Lahiff,Louis Nowra
1695210,Armitage III: Poly Matrix,1997,video movie,90.0,"Sci-fi, Anime",Japanese,Takuya Sato,
2372261,The Gift,2011,video movie,110.0,Mystery & thriller,English,Sam Raimi,"Billy Bob Thornton,Tom Epperson"
1751448,Burn: The Evolution of an American City,2009,video movie,57.0,Documentary,English,Harold Jackson III,Harold Jackson III
1852730,Echoes,2011,video movie,88.0,"Drama, Horror, Mystery & thriller",English,Nils Timm,Nils Timm
1658410,A Tale of Two Cities,2007,video movie,70.0,"History, Drama",,Frank Lloyd,
1717670,Beautiful Dreamer,2011,video movie,90.0,Drama,English,Terri Farley-Teruel,Terry Chase Chenowith
2176119,One of Them,2003,video movie,93.0,Horror,English,Ralph E. Portillo,David Ciesielski
1668162,After Midnight,2005,video movie,83.0,Horror,English,Christian Stella,Jeremy Gardner
1844553,Dragon Half,1993,video movie,,,,Unknown Director,
2095618,Magpie,2010,video movie,,Drama,English,Marc Price,Marc Price
1658410,A Tale of Two Cities,2007,video movie,72.0,"Drama, Animation",,,
2337158,Television,1986,video movie,,Drama,Punjabi,Taj,Manjinder Mani
1892090,First Blood,2009,video movie,95.0,"Action, Adventure",English,Ted Kotcheff,"Michael Kozoll,William Sackheim,Sylvester Stallone,David Morrell"
2183327,Out of the Blue,2002,video movie,105.0,"Mystery & thriller, Romance, Drama",English,Neil LaBute,Neil LaBute
2183478,Out of the Shadows,2011,video movie,88.0,Mystery & thriller,English (Australia),Dee McLachlan,"Dee McLachlan,Rena Owen"
2435379,Ticking Clock,2011,video movie,101.0,"Action, Mystery & thriller",English,Ernie Barbarash,John Turman
2486686,Walking Tall: Lone Justice,2007,video movie,95.0,Action,English,Tripp Reed,Joe Halpin
1771992,Children of the Corn: Revelation,2001,video movie,82.0,"Horror, Mystery & thriller",English,Guy Magar,
2365120,The Elephant,2003,video movie,88.0,"Adventure, Drama",Russian,Vladimir Karabanov,"Aleksandr Dorbinyan,Vladimir Karabanov"
2184067,Outside the Law: Stories from Guantanamo,2009,video movie,75.0,Documentary,English,Polly Nash,
1947118,Heroes,2011,video movie,139.0,"Action, Adventure",Hindi,Samir Karnik,Aseem Arora
1845574,Dreamland,2010,video movie,92.0,"Crime, Drama, Comedy",English,Bruce McDonald,"Tony Burgess,Patrick Whistler"
2007209,Just About Famous,2010,video movie,14.0,"Documentary, Comedy",English,,
2457899,U,2010,video movie,75.0,"Musical, Animation",French (France),Serge Elissalde,
1794201,Crossing the Line,2009,video movie,96.0,Drama,English,Graeme Clifford,"Susanna Styron,Bridget Terry"
2379513,The Hustle,2003,video movie,94.0,Comedy,English,Chris Addison,Jac Schaeffer
1798068,Cyclone,2010,video movie,83.0,"Action, Drama",English,Fred Olen Ray,
2344531,The American Dream,2010,video movie,93.0,Drama,English,Robert Wakamatsu,Marcus D. Spencer
2371344,The Game,2010,video movie,128.0,Mystery & thriller,English,David Fincher,"Michael Ferris,John D. Brancato"
2064432,Leftovers,2010,video movie,,,,Unknown Director,
1988066,Into the Woods,2006,video movie,124.0,"Musical, Fantasy",English,Rob Marshall,James Lapine
2451800,True Crime,1995,video movie,127.0,"Crime, Drama",English,Clint Eastwood,"Andrew Klavan,Larry Gross,Paul Brickman,Stephen Schiff"
2357313,The Collector,2010,video movie,119.0,Mystery & thriller,English,William Wyler,
2278245,Shadowheart,2009,video movie,114.0,"Drama, Western",English,Dean Alioto,"Dean Alioto,Peter Vanderwall,Brad Goodman"
1707243,"Baby Peggy, the Elephant in the Room",2012,video movie,58.0,Documentary,English,Vera Iwerebor,Vera Iwerebor
1664235,Acedia,2010,video movie,80.0,Horror,English,Joseph Ciminera,Joseph Ciminera
2399743,The Other Woman,1992,video movie,81.0,"Crime, Drama",English,Hugo Haas,
1880076,F.T.W.,2011,video movie,100.0,"Crime, Drama",English,Michael Karbelnikoff,Mari Kornhauser
2366560,The Expedition,2008,video movie,150.0,Drama,Bangla,Satyajit Ray,Satyajit Ray
1733118,Black Sun,2003,video movie,,,,Gary Tarn,
1866700,Emperor of Hemp,1999,video movie,59.0,Documentary,English,Jeff Jones,
1843640,Downtime,1995,video movie,,,,Keith Barnfather,
2258281,Salad Days,2002,video movie,,"Comedy, Drama",English,Chris Lobao,Matt Evanoff
2299072,Solitaire,2005,video movie,92.0,"Comedy, Drama",Arabic,Sophie Boutros,"Sophie Boutros,Nadia Eliewat"
2162106,Nowhere,2005,video movie,100.0,"Drama, Mystery & thriller",English,Thomas Michael,"Paolo Mancini,Thomas Michael"
2370305,The Formula,2002,video movie,90.0,"Romance, Comedy",English,"Thomas Beecher,Joe Clarke","Thomas Beecher,Joe Clarke"
2372714,The Girl Next Door,2003,video movie,91.0,"Drama, Mystery & thriller",English,Gregory M. Wilson,"Daniel Farrands,Philip Nutman"
1845086,Dream a Little Dream 2,1995,video movie,91.0,Fantasy,English,James Lemmo,
1898355,Force of Nature,2011,video movie,,Documentary,English,Katrina McPherson,
2408192,The Ripper,1985,video movie,100.0,Horror,English,Janet Meyers,Robert Rodat
1921453,Go West,2012,video movie,69.0,Comedy,,Buster Keaton,
2393643,The Midas Touch,1997,video movie,99.0,Comedy,Chinese,Chi Keung Fung,"Chan Hing-Kai,Chi Keung Fung,Miu-Kei Ho,Wing-San Ng"
2416710,The Story of Ruth,1994,video movie,132.0,Drama,English,Henry Koster,Norman Corwin
2482551,Voices,2012,video movie,91.0,Drama,English,Malcolm Clarke,"Peter Barnes,Nicholas Meyer"
1665429,Adam,2009,video movie,97.0,Romance,English,Max Mayer,Max Mayer
2185339,P.U.N.K.S.,1999,video movie,115.0,"Comedy, Sci-fi",English,Sean McNamara,Mark Cramer
1794201,Crossing the Line,2009,video movie,94.0,Action,English,Gary Graver,
2269935,Second Thoughts,2012,video movie,98.0,Comedy,English,Lawrence Turman,
2304663,Spark,2012,video movie,103.0,Mystery & thriller,English,Garret Williams,Garret Williams
2084724,Lost at War,2007,video movie,93.0,"Sci-fi, Adventure, Action",English,David A. Prior,
1658410,A Tale of Two Cities,2007,video movie,128.0,"History, Drama",English,Jack Conway,
1792103,Crazy,2010,video movie,104.0,"Biography, Drama",English,Rick Bieber,"Rick Bieber,Jason Ehlers,Brent Boyd"
2222256,Public Enemies,1996,video movie,140.0,"Crime, Drama, Action, Mystery & thriller",English,Michael Mann,"Ronan Bennett,Michael Mann,Ann Biderman"
2299703,Some Girls: Live in Texas '78,2011,video movie,85.0,Documentary,English,Lynn Lenau Calmes,
2050917,Lady and the Tramp II: Scamp's Adventure,2001,video movie,69.0,"Kids & family, Adventure, Animation",English,Darrell Rooney,"Bill Motz,Bob Roth,Tom Rogers,Flip Kobler,Cindy Marcus"
1784171,Coming Soon,1982,video movie,90.0,Comedy,Filipino,Martin Aviles,Dante Nico Garcia
1954491,Hollywood,2007,video movie,127.0,"Action, Comedy, Drama",English,D. Rajendra Babu,"Dinesh Babu,Upendra"
1723231,Best of Luck,2006,video movie,133.0,"Action, Comedy",Punjabi,Manmord Sidhu,"Anugrah Bohrey,Dheeraj Rattan"
2272163,Seize the Day,2009,video movie,93.0,Drama,English,Fielder Cook,"Saul Bellow,Ronald Ribman"
2082306,Loop,2010,video movie,12.0,"Adventure, Animation",,,
1994717,Jacqueline Hyde,2005,video movie,94.0,"Comedy, Mystery & thriller",English,Rolfe Kanefsky,Rolfe Kanefsky
2197168,People Who Die Mysteriously in Their Sleep,2004,video movie,90.0,Comedy,English,"Kevin Poore,David Gaz","David Gaz,John Michael Moore"
2351438,The Bonesetter,2003,video movie,,,,Kelly Rohrbach,
1804226,Dark Side,2007,video movie,90.0,Drama,,,
1736191,Bloodthirst 2: Revenge of the Chupacabras,2005,video movie,88.0,Horror,English,Jonathan Mumm,Jonathan Mumm
2447881,Trapped,2011,video movie,105.0,"Drama, Mystery & thriller",Hindi,Vikramaditya Motwane,"Hardik Mehta,Amit Joshi"
1899929,Four,2012,video movie,,,,Unknown Director,
1936654,Hansel and Gretel,2007,video movie,86.0,"Kids & family, Fantasy",English,Len Talan,"Len Talan,Nancy Weems"
2082374,Loose Change,2010,video movie,90.0,Comedy,Unknown language,,
2378538,The Horse,2010,video movie,14.0,Drama,English,Charles Burnett,Charles Burnett
2096320,Mail Order Bride,2006,video movie,85.0,Comedy,English,"Robert Capelli Jr.,Jeffrey Wolf","Doug Bollinger,Robert Capelli Jr.,Sergey Konenkov"
1735780,Blood on My Hands,2010,video movie,66.0,"Drama, Horror",English,Curtis Everitt,Curtis Everitt
2350190,The Birthday Party,2003,video movie,123.0,Drama,English,William Friedkin,
1982080,In the Woods,2011,video movie,90.0,Horror,English,Lynn Drzick,Lynn Drzick
2450348,Triple Cross,2005,video movie,126.0,"Mystery & thriller, Drama",English,Terence Young,"René Hardy,William Marchant"
2492734,Werewolf,1995,video movie,90.0,"Mystery & thriller, Drama, Horror",Unknown language,Adrian Panek,Adrian Panek
2405221,The Quarry,2006,video movie,110.0,Drama,English,Marion Hänsel,"Damon Galgut,Marion Hänsel"
2273043,Senator Obama Goes to Africa,2007,video movie,52.0,Documentary,English,Bob Hercules,
2278150,Shadow People,2008,video movie,95.0,Drama,English,Keith Coulouris,Keith Coulouris
2449110,Tremors 4: The Legend Begins,2004,video movie,101.0,"Horror, Comedy",English,S.S. Wilson,Scott Buck
1799755,Daddy's Girl,2012,video movie,90.0,"Horror, Mystery & thriller",English,,
1755482,Cake Boy,2005,video movie,90.0,Comedy,English,,
1672660,Aladdin,1992,video movie,128.0,"Kids & family, Musical, Comedy, Fantasy, Adventure, Romance",English,Guy Ritchie,"John August,Guy Ritchie"
1944144,Hell to Pay,2005,video movie,93.0,"Crime, Drama",English (United Kingdom),Roberto Gomez Martin,"Dave Courtney,Malcolm Martin"
2409864,The Sadness,2008,video movie,112.0,Horror,English,R. F. Pangborn,"R. F. Pangborn,Ryan Citron"
2236609,Redemption,2003,video movie,102.0,"Crime, Drama",Portuguese,Mickey Fonseca,Mickey Fonseca
1824270,Detour,1998,video movie,95.0,"Crime, Drama",English,Joey Travolta,"Raymond Martino,William Stroum"
2472632,Valerie,2002,video movie,,"Drama, Lgbtq+",English (United Kingdom),Anna Thomas,Anna Thomas
1949631,Higher Ground,2011,video movie,93.0,Action,English,Robert Day,
2021854,Kiss the Bride,2011,video movie,115.0,"Romance, Comedy, Lgbtq+",English,C. Jay Cox,Ty Lieberman
1882124,False Face,2009,video movie,125.0,Mystery & thriller,English,"Phil Thomas,Matt Brooks",
1692306,Apocalypse,1998,video movie,94.0,"Drama, Mystery & thriller",English,Peter Gerretsen,
2302773,Soul Masters: Dr. Guo and Dr. Sha,2008,video movie,83.0,Documentary,English,Sande Zeig,
2493142,Westinghouse,2008,video movie,112.0,"Documentary, Biography, History, Drama",English,Mark Bussler,Mark Bussler
1851819,East L.A. Marine: The Untold True Story of Guy Gabaldon,2008,video movie,77.0,Documentary,English,Steven Jay Rubin,Steven Jay Rubin
1777547,City of Fear,2000,video movie,81.0,Mystery & thriller,English,Irving Lerner,
2315310,Stranded,2002,video movie,101.0,"Sci-fi, Drama",English,María Lidón,Juan Miguel Aguilera
2354680,The Caretaker,2008,video movie,103.0,"Comedy, Drama, Horror",English,Josh Criss,Josh Criss
2434652,Thunder in Paradise,1993,video movie,104.0,Action,English,Lewis Stout,
2106433,Master of the Universe,2011,video movie,88.0,Documentary,German,Marc Bauder,Marc Bauder
1872804,Escape Plan,2010,video movie,110.0,"Action, Mystery & thriller",English,Mikael Håfström,"Miles Chapman,Arnell Jesko"
2383971,The Last,2010,video movie,123.0,Drama,English,Jeff Lipsky,Jeff Lipsky
2520705,Zombie Bloodbath 2: Rage of the Undead,1995,video movie,98.0,"Horror, Mystery & thriller",English,Todd Sheets,
2137101,MXP: Most Xtreme Primate,2004,video movie,88.0,"Kids & family, Comedy, Adventure",English,Robert Vince,"Anna Singer,Anne Vince,Anna McRoberts"
2424308,The Violent Kind,2008,video movie,100.0,Horror,English,"Mitchell Altieri,The Butcher Brothers,Phil Flores","Mitchell Altieri,Phil Flores,Adam Weis"
1753153,Buzz Saw,2005,video movie,,,,David Burnett,
1934516,Half-Life,2008,video movie,116.0,Drama,English,Jennifer Phang,Jennifer Phang
2275204,Seven,2011,video movie,125.0,"Mystery & thriller, Crime, Drama",English,David Fincher,Andrew Kevin Walker
1940299,Haven,2004,video movie,75.0,Drama,Hebrew,Amikam Kovner,Amikam Kovner
1756970,Camp,2010,video movie,114.0,"Musical, Comedy, Lgbtq+",English,Todd Graff,Todd Graff
2415492,The Spirits of Jupiter,1985,video movie,106.0,Horror,English,Russell Kern,
2253323,Run,2010,video movie,90.0,Drama,English,Jahmar Hill,Jahmar Hill
1892285,First Kiss,2008,video movie,88.0,"Romance, Comedy",Dutch,Roy Poortmans,Roy Poortmans
2064936,Legion,2007,video movie,96.0,Sci-fi,English,Jon Hess,"Avi Nesher,Evan Spiliotopoulos"
2181257,Ossessione,2008,video movie,135.0,"Crime, Drama",Italian,Luchino Visconti,"Luchino Visconti,Giuseppe De Santis,Gianni Puccini"
2440749,Together,2007,video movie,52.0,Drama,English,Lorenza Mazzetti,
1890792,Finding Billy!,2011,video movie,12.0,Drama,English,,
1730395,Birdsong,2011,video movie,98.0,Drama,Catalan,Albert Serra,Albert Serra
1665212,Acts of Violence,2006,video movie,86.0,"Action, Mystery & thriller",English,Brett Donowho,Nicolas Aaron Mezzanatto
2512310,Yeti: A Love Story,2006,video movie,76.0,Comedy,English,"Adam Deyoe,Eric Gosselin",
2369439,The Fixer,2011,video movie,132.0,Drama,English,John Frankenheimer,Dalton Trumbo
2377673,The Hills Run Red,2009,video movie,89.0,Western,Italian,Carlo Lizzani,
1723013,Best Foot Forward,2002,video movie,94.0,"Musical, Comedy",English,Edward Buzzell,"Irving Brecher,Fred F. Finklehoffe"
1703616,Auto Recovery,2008,video movie,113.0,"Action, Comedy",English,Ernest Johnson,Ernest Johnson
2377180,The Heist,2000,video movie,9.0,"Comedy, Fantasy",English,Benjamin Peters,"Georgia Clark,Benjamin Peters"
2409864,The Sadness,2008,video movie,99.0,Horror,Chinese,Rob Jabbaz,Rob Jabbaz
2505579,Wonder Woman,2009,video movie,141.0,"Action, Adventure, Fantasy",English,Patty Jenkins,Allan Heinberg
2084573,Lost & Found,2012,video movie,100.0,Mystery & thriller,Spanish (Spain),Jorge Dorado,
2381446,The Jar,2009,video movie,90.0,Horror,English,Bruce Toscano,
1984041,Inferno,2010,video movie,83.0,Drama,English,Roy Ward Baker,Francis M. Cockrell
1812976,Death Run to Istanbul,1993,video movie,76.0,Action,English,Rachel Gordon,
2503959,Within the Woods,2005,video movie,,,,Sam Raimi,
2313760,Stitch! The Movie,2003,video movie,64.0,"Kids & family, Comedy, Animation",English,"Tony Craig,Bobs Gannaway,Bobs Gannaway",Jess Winfield
2393234,The Memos,2009,video movie,93.0,Drama,English (United Kingdom),Nick Peterson,"Nicolas Gaud,Nick Peterson"
2237380,Regarding Billy,2005,video movie,80.0,"Drama, Romance",English,Jeff London,Jeff London
2351902,The Box,1998,video movie,93.0,"Drama, Music",Korean,Yang Jung-woong,Yang Jung-woong
1776158,Cinderella,1996,video movie,113.0,"Musical, Fantasy, Romance",English,Kay Cannon,Kay Cannon
1837753,Dodge City,2007,video movie,100.0,"Crime, Drama",English,Francis Xavier,Francis Xavier
2190390,Paranoia,2011,video movie,,,,Ryan Mitchelle,
1665115,Actium Maximus,2005,video movie,78.0,Sci-fi,English,Mark Hicks,Mark Hicks
2082198,Looking Forward,2011,video movie,76.0,Drama,English,Clarence Brown,"Bess Meredyth,H.M. Harwood"
2330412,Take 2,2010,video movie,,,,Ivan Ho (III),
2305326,Speed,2011,video movie,70.0,Action,English,Edwin L. Marin,Michael Fessier
2096320,Mail Order Bride,2006,video movie,83.0,Western,English,Burt Kennedy,
2241809,Revenge,2009,video movie,95.0,Action,Chinese,,
2064683,Legend,2008,video movie,89.0,Fantasy,English,Ridley Scott,William Hjortsberg
1781582,Cohabitation,2010,video movie,100.0,Drama,Chinese,Chung Sun,"Kang Shih,Chung Sun"
2156508,No Exit,1995,video movie,85.0,Drama,English,Tad Danielewski,George Tabori
2449109,Tremors 3: Back to Perfection,2001,video movie,104.0,"Action, Adventure, Horror, Sci-fi, Mystery & thriller",English,Brent Maddock,"S.S. Wilson,Brent Maddock,Nancy Roberts,John Whelpley"
2372228,The Gift,2005,video movie,105.0,Comedy,English,Michel Lang,
2240596,Restoration,2012,video movie,100.0,Drama,Hebrew,Yossi Madmoni,Erez Kav-El
1838023,Dog Park,2011,video movie,91.0,"Romance, Comedy",English,Bruce McCulloch,Bruce McCulloch
1890745,Finders Keepers,2005,video movie,96.0,Comedy,English,Richard Lester,"Charles Dennis,Ronny Graham,Terence Marsh"
1729720,Bingo,2010,video movie,113.0,Mystery & thriller,French (Canada),Jean-Claude Lord,
1773372,Choices,2010,video movie,100.0,Drama,English,David Lowell Rich,
2241455,Return to Sender,2010,video movie,109.0,Drama,English,Bille August,"Neal Purvis,Robert Wade"
2360585,The Dark Knight,2011,video movie,152.0,"Action, Adventure, Fantasy",English,Christopher Nolan,"Jonathan Nolan,Christopher Nolan"
2051683,Lake Effects,2012,video movie,100.0,Drama,English,Michael McKay,
2404330,The Prize Fighter,2003,video movie,99.0,Comedy,English,Michael Preece,
2226439,Quake,1992,video movie,84.0,Mystery & thriller,English,Louis Morneau,
1847897,Dubbed and Dangerous 3,2004,video movie,53.0,"Adventure, Comedy, Action",English (United Kingdom),Ara Paiaya,
2264963,Scanner Cop,1994,video movie,94.0,Sci-fi,English,Pierre David,
1678790,Alvin and the Chipmunks Meet Frankenstein,1999,video movie,78.0,"Kids & family, Adventure, Animation",English,Kathi Castillo,John Loy
1713255,Barbie: A Fairy Secret,2011,video movie,75.0,"Kids & family, Fantasy, Adventure, Animation",English,"William Lau,Terry Klassen",Elise Allen
2130771,Motives,2004,video movie,87.0,Mystery & thriller,English,Craig Ross Jr.,Kelsey Scott
2084573,Lost & Found,2012,video movie,97.0,"Romance, Comedy",English,Jeff Pollack,"J.B. Cook,Marc Meeks,David Spade"
2278684,Shakedown,2002,video movie,92.0,"Action, Mystery & thriller",English,Brian Katkin,
1653131,A Million Little Pieces,2008,video movie,113.0,Drama,English,Sam Taylor-Johnson,"Aaron Taylor-Johnson,Sam Taylor-Johnson"
2400641,The Passenger,2010,video movie,75.0,Mystery & thriller,English,Brian Lee Franklin,Sinead Beverland
2156508,No Exit,1995,video movie,95.0,Drama,French (France),Jacqueline Audry,Pierre Laroche
1799642,Daddy,2011,video movie,89.0,"Comedy, Drama, Mystery & thriller, Lgbtq+",English,Gerald McCullouch,Dan Via
2485690,Waiting,1990,video movie,80.0,Comedy,English,Patrick Hasson,Patrick Hasson
2130531,Mother's Day,2007,video movie,90.0,Drama,English (United Kingdom),Fergus O'Brien,Nick Leather
1763700,Caught in the Act,1999,video movie,92.0,Comedy,English,Matt Lipsey,"Neil Salvage,Steve Speirs"
1938506,Harlem Blues,2003,video movie,95.0,Drama,English,Andy Diaz,Andy Diaz
2492750,Werewolf: The Devil's Hound,2007,video movie,90.0,Horror,English,"Gregory C. Parker,Christian Pindar","Gregory C. Parker,Christian Pindar"
2410380,The Scarecrow,2000,video movie,81.0,"Kids & family, Fantasy, Animation",English,"Brian Nissen,Richard Rich",
2137855,My Dog's Christmas Miracle,2011,video movie,91.0,"Kids & family, Holiday, Romance, Comedy",English,Michael Feifer,Michael Feifer
1797357,Curse of the Puppet Master,1998,video movie,79.0,Horror,English,David DeCoteau,
1943084,Heebie Jeebies,2005,video movie,90.0,Horror,English,Thomas L. Callaway,Trent Haaga
1914004,Genius,2003,video movie,74.0,Drama,English,Babar Ahmed,Babar Ahmed
2406197,The Real Deal,2009,video movie,86.0,"Drama, Mystery & thriller",English,Tom Burruss,Jai Stefan
2332388,Tangerine Dream,2005,video movie,66.0,"Documentary, Action, Adventure",English,"Dirk Collins,Corey Gavitt,Steve Jones,Todd Jones",Todd Jones
2413995,The Sleepwalker,2002,video movie,91.0,"Drama, Mystery & thriller",English,Mona Fastvold,"Mona Fastvold,Brady Corbet"
2133356,Ms. Cannibal Holocaust,2012,video movie,70.0,Horror,English,Ron Bonk,
2494874,What's Organic About Organic?,2010,video movie,59.0,"Documentary, Biography",English,Shelley Rogers,
2210385,Pooh's Heffalump Halloween Movie,2005,video movie,67.0,"Kids & family, Holiday, Adventure, Animation",English,Frank Nissen,"Evan Spiliotopoulos,Brian Hohlfeld"
1886001,Fearless Tiger,1991,video movie,93.0,Adventure,English,Ron Hulme,Ron Hulme
2236609,Redemption,2003,video movie,,,,Joseph Madmony,
2316424,Street Fighter Zero,1999,video movie,90.0,"Action, Fantasy, Sci-fi, Animation",Japanese,,
1720587,Believe,2007,video movie,80.0,Comedy,English,Loki Mulholland,
2195357,Peaches,2008,video movie,80.0,"Fantasy, Romance, Sci-fi",Spanish,Héctor Valdez,"José Ramón Alama,Felipe Jiménez Luna,Héctor Valdez"
1920093,Glass,2005,video movie,14.0,Drama,English,Brionne Davis,Darren Barnet
2054308,Last Chance,2007,video movie,98.0,Drama,English,Bryan Cranston,Bryan Cranston
1735461,Blood and Oil,2008,video movie,180.0,Drama,English,David Attwood,Guy Hibbert
2446580,Train,2008,video movie,94.0,Horror,English,Gideon Raff,Gideon Raff
2023218,Knock,2009,video movie,113.0,Comedy,French (France),Lorraine Levy,Lorraine Levy
2275204,Seven,2011,video movie,100.0,Action,English,Andy Sidaris,
1784171,Coming Soon,1982,video movie,95.0,"Romance, Comedy, Lgbtq+",English,Colette Burson,
2418812,The Telephone,2006,video movie,27.0,Horror,English (United Kingdom),Stuart Wheeldon,Stuart Wheeldon
2102607,Marco Polo,1997,video movie,95.0,Adventure,English,Hugo Fregonese,
2158021,Noah's Ark,2010,video movie,,,,Kenny Glenaan,
2387386,The Little Mermaid,1992,video movie,82.0,"Kids & family, Fantasy, Animation",English,"Ron Clements,John Musker","Roger Allers,Ron Clements,John Musker"
2471938,Vacancy 2: The First Cut,2008,video movie,86.0,"Horror, Mystery & thriller",English,Eric Bross,Mark L. Smith
1786248,Confessional,2008,video movie,84.0,Mystery & thriller,English,Brad T. Gottfred,Jennifer Wolfe
1672660,Aladdin,1992,video movie,,,,Micky Dolenz,
2241798,Revenge,1986,video movie,108.0,Mystery & thriller,English,Coralie Fargeat,Coralie Fargeat
1675581,All Hallows' Eve,2007,video movie,123.0,Horror,English,Damien Leone,Damien Leone
2363714,The Door,2006,video movie,14.0,Drama,English,"Philip Brown,Gareth Owen",Gareth Owen
1841628,Dorm of the Dead,2006,video movie,90.0,Horror,English,Donald Farmer,Donald Farmer
1822941,Desire,1997,video movie,,,,Rodney McDonald,
1736312,Bloody Streetz,2003,video movie,83.0,Drama,English,Gerald Barclay,Gerald Barclay
1807786,Dave Pearson: To Byzantium,2011,video movie,46.0,"Documentary, Biography",English,Derek Smith,Derek Smith
2230133,Raging Hormones,1992,video movie,94.0,Comedy,English,Michael Dugan,"Michael Dugan,Alex Ferrari"
1797379,Curse of the Zodiac,2007,video movie,82.0,"Mystery & thriller, Crime, Drama",English,Ulli Lommel,Ulli Lommel
2236617,Redemption,2007,video movie,105.0,Western,English,Thomas Russell,Thomas Russell
1994464,Jackass 2.5,2007,video movie,64.0,"Documentary, Comedy",English,Jeff Tremaine,Preston Lacy
2257037,Safe,2011,video movie,95.0,"Action, Mystery & thriller",English,Boaz Yakin,Boaz Yakin
2216062,President Barack Obama: The Man and His Journey,2009,video movie,89.0,Documentary,English,Maria Arita Howard,
1927630,Great Expectations,1998,video movie,118.0,Drama,English (United Kingdom),David Lean,"David Lean,Ronald Neame,Anthony Havelock-Allan"
1852139,Easy Money,2012,video movie,92.0,"Comedy, Drama",Chinese,Stephen Shin Gei-Yin,
2241809,Revenge,2009,video movie,136.0,Action,Russian,Anton Megerdichev,Aleksey Sidorov
2021854,Kiss the Bride,2011,video movie,89.0,Drama,English,Vanessa Parise,Vanessa Parise
1675760,All Jams on Deck,2011,video movie,96.0,Music,English,Robert Mugge,
1863954,Eldorado,2011,video movie,109.0,Drama,English,Charles Binamé,"Charles Binamé,Lorraine Richard,Pascale Bussières,Robert Brouillette,James Hyndman,Macha Limonchik,Pascale Montpetit,Isabel Richer"
1766608,Champion Killer,1994,video movie,95.0,"Mystery & thriller, Drama",English,,
2293683,Sleepwalker,2008,video movie,108.0,Mystery & thriller,Chinese,Oxide Chun Pang,"Oxide Chun Pang,Thomas Pang"
2380000,The Incident,2000,video movie,94.0,Drama,English (United Kingdom),Jane Linfoot,Jane Linfoot
2212762,Possessed by the Night,1994,video movie,84.0,Mystery & thriller,English,Fred Olen Ray,
1719363,Behind Closed Doors,2009,video movie,86.0,Mystery & thriller,English,Jonathan Milton,Jonathan Milton
1971383,Ice Queen,2005,video movie,92.0,Horror,English,Neil Kinsella,Neil Kinsella
1844651,Dragonlance: Dragons of Autumn Twilight,2008,video movie,90.0,"Fantasy, Adventure, Action, Animation",English,Will Meugniot,George Strayton
1930533,Guilt,2008,video movie,99.0,Drama,French (Canada),Marc Bisaillon,Marc Bisaillon
2413778,The Skulls III,2004,video movie,103.0,Mystery & thriller,English,J. Miles Dale,Joe Johnson
2288804,Simple Things,2011,video movie,100.0,Drama,English,Andrew C. Erin,"Andrew C. Erin,Peter Ferland"
2355608,The Chase,2006,video movie,116.0,"Crime, Drama",Japanese,Yoshitaro Nomura,"Shinobu Hashimoto,Seichô Matsumoto"
2383177,The Kiss,2003,video movie,12.0,"Romance, Comedy",Spanish,Carlos G. Davila,Mark Harvey Levine
2077528,Little Man,2012,video movie,112.0,Documentary,English,Nicole Conn,
2208625,Point of No Return,2005,video movie,103.0,"Mystery & thriller, Action",English,John Badham,"Luc Besson,Robert Getchell,Alexandra Seros"
2093047,Machine Head,2005,video movie,79.0,"Horror, Comedy",English,Michael P. Murphy,
2323984,Surviving the 21st Century,2007,video movie,90.0,Comedy,English,"Kevin Poore,David Gaz",
1729919,Biohazard: The Alien Force,1995,video movie,88.0,Horror,English,Steve Latshaw,"Patrick Moran,Steve Latshaw"
1952595,Hit and Run,2009,video movie,56.0,Drama,English (United Kingdom),John Comiskey,"David Bolger,John Comiskey"
2511014,Yard Sale,2008,video movie,10.0,Horror,English,Jared Eves,Garry MacLean
1715131,Bastard,2007,video movie,100.0,"Crime, Drama, Mystery & thriller",German,Carsten Unger,"Carsten Unger,M. Reza Bahar"
2236165,Red Nights,1988,video movie,89.0,Drama,English,Izhak Hanooka,Jeff Scheftel
2429982,Theodore Rex,1995,video movie,92.0,"Comedy, Drama",English,Jonathan R. Betuel,Jonathan R. Betuel
2269235,Seance,2011,video movie,85.0,Mystery & thriller,English,Alex Wright,Alex Wright
1815062,Delete,2006,video movie,175.0,"Mystery & thriller, Sci-fi",English,Steve Barron,
1875845,Eve,2010,video movie,7.0,"Fantasy, Sci-fi",,Eric Gandois,Eric Gandois
1717898,Beauty and the Beast,1992,video movie,47.0,"Kids & family, Fantasy",English,Diane Eskenazi,
2296397,Sniper 3,2004,video movie,90.0,Action,English,P.J. Pesce,
2428664,The Wounded,2003,video movie,85.0,"Action, Drama",English,John Azpilicueta,John Azpilicueta
2019370,Killer Looks,1994,video movie,97.0,Mystery & thriller,English,Toby Phillips,
1946494,Here and There,2011,video movie,105.0,Drama,Spanish,Isabel Rodas León,
2355608,The Chase,2006,video movie,81.0,Mystery & thriller,English,Arthur Ripley,
2109853,Meat Market,2000,video movie,90.0,"Action, Horror, Comedy",English,Brian Clement,"Brian Clement,Nick Sheehan,Tania Willard"
1915278,Get a Life,2006,video movie,73.0,Comedy,English,Toby Ross,Toby Ross
2091840,M,2008,video movie,100.0,Drama,French (France),Sara Forestier,
2411124,The Secret,2006,video movie,96.0,Drama,English,Karen Arthur,
1810933,Dead Dog,2011,video movie,90.0,"Drama, Mystery & thriller",English,Christopher Goode,
2105947,Mask,2004,video movie,120.0,"Biography, Drama",English,Peter Bogdanovich,
2305043,Special Delivery,2009,video movie,109.0,"Action, Crime, Drama, Mystery & thriller",Korean,Park Dae-min,"Park Dae-min,Kim Bong-seo,Park Dong-hui"
2112990,Men Cry in the Dark,2003,video movie,139.0,"Comedy, Drama",English,Je'Caryous Johnson,"Michael Baisden,Norris Burse,Harold Haynes,Je'Caryous Johnson"
1803625,Dare,2010,video movie,90.0,"Drama, Lgbtq+",English,Adam Salky,David Brind
2296015,Snakes on a Train,2006,video movie,91.0,"Horror, Mystery & thriller",English,Peter Mervis,Eric Forsberg
1653598,A Mother's Prayer,2009,video movie,93.0,"Drama, Musical",English,James Seppelfrick,Alvin Moore Jr.
1939994,Haunting Fear,1990,video movie,88.0,Mystery & thriller,English,Fred Olen Ray,
1948897,Hide and Seek,2008,video movie,85.0,Documentary,Italian,Victoria Fiore,
1776158,Cinderella,1996,video movie,90.0,"Musical, Romance",English,Charles S. Dubin,"Charles Perrault,Joseph Schrank"
2161273,Nothing Personal,2010,video movie,85.0,Drama,English,Urszula Antoniak,Urszula Antoniak
1788883,Cork,2011,video movie,116.0,"Drama, Mystery & thriller",Catalan,Mikel Gurrea,"Mikel Gurrea,Francisco Kosterlitz"
1815907,Demon Summer,2003,video movie,80.0,Horror,Thai,"Andrew Campbell,Lucas Campbell","Andrew Campbell,Lucas Campbell,Cory Maidens"
1714839,Basement,2009,video movie,90.0,Mystery & thriller,English,Aydogan Cem,"Aydogan Cem,Aydogan Ero"
1994481,Jacked,2003,video movie,62.0,Drama,English,,
2371428,The Gamers,2002,video movie,48.0,"Action, Adventure, Fantasy",English,Matt Vancil,Matt Vancil
1909047,Gacy,2003,video movie,89.0,"Crime, Drama, Biography",English,Clive Saunders,"David Birke,Clive Saunders"
1899459,Fortune Cookie,2007,video movie,89.0,Horror,English,Rob Pallatina,Rob Pallatina
2003795,Joseph and the Amazing Technicolor Dreamcoat,1999,video movie,90.0,"Drama, Musical",English,David Mallet,Time Rice
1647398,A Dead Calling,2006,video movie,90.0,Horror,English,Michael Feifer,Michael Feifer
2305326,Speed,2011,video movie,115.0,"Action, Mystery & thriller",English,Jan de Bont,Graham Yost
1872650,Escape,2010,video movie,115.0,"Drama, Mystery & thriller, Action",Tagalog,Chito S. Roño,"Jose F. Lacaba,Roy C. Iglesias"
1983911,Infamous,2008,video movie,100.0,"Crime, Drama, Mystery & thriller",English,Joshua Caldwell,Joshua Caldwell
2314263,Stonerville,2011,video movie,88.0,Comedy,English,Bill Corcoran,"Tom Alexander,Kevin Sepe"
1735583,Blood Equity,2009,video movie,63.0,Documentary,English,Michael Felix,
2242256,Revolting,2010,video movie,81.0,"Comedy, Drama",English,Michael Boedicker,Brian Wilson
1845365,Dream Theater: Metropolis 2000 - Scenes from New York,2001,video movie,,,,Mike Portnoy,
1770928,Chicago Massacre: Richard Speck,2007,video movie,92.0,Mystery & thriller,English,Michael Feifer,Michael Feifer
2364883,The Edison Death Machine,2006,video movie,106.0,Mystery & thriller,English,George Bonilla,George Bonilla
1890496,Final Mission,1994,video movie,91.0,Mystery & thriller,English,Lee Redmond,"Sam Montgomery,Lee Redmond"
1877919,Exhumed,2003,video movie,,,,Brian Clement,
2357936,The Confession,2006,video movie,140.0,Mystery & thriller,French (Canada),Costa-Gavras,Jorge Semprún
2373929,The Good Soldier,2010,video movie,104.0,Drama,English,Kevin Billington,
2418938,The Tempest,2008,video movie,96.0,Drama,English,Jack Bender,James S. Henerson
2126661,Money for Nothing,2009,video movie,100.0,Drama,English,Ramon Menendez,
2190450,Paranormal Entity,2009,video movie,88.0,"Horror, Mystery & thriller",English,Shane Van Dyke,Shane Van Dyke
2444460,Totem,1999,video movie,68.0,Horror,English,David DeCoteau,Neal Marshall Stevens
1742639,Bounty Tracker,1993,video movie,90.0,Action,English,Kurt Anderson,
1811576,Deadbolt,2006,video movie,95.0,Mystery & thriller,English,Douglas Jackson,
1958200,Horrorvision,2001,video movie,85.0,Horror,English,Danny Draven,
2054248,Last Call,2006,video movie,102.0,Comedy,English,Paolo Pilladi,"Paolo Pilladi,Greg Lingo"
2468116,Unstoppable,2011,video movie,94.0,"Action, Mystery & thriller, Drama",English,Tony Scott,Mark Bomback
2365132,The Elephant in the Room,2008,video movie,95.0,Drama,English,Allen Freeman,Bonnie Freeman
1644167,A Bad Situationist,2008,video movie,82.0,Comedy,English,Sam Seder,"Charles Fisher,Sam Seder"
1665161,Actors,2004,video movie,103.0,Comedy,French (France),Bertrand Blier,Bertrand Blier
2339832,Test Pilot,1989,video movie,118.0,Adventure,English,Victor Fleming,"Howard Hawks,Vincent Lawrence,Frank Wead,Waldemar Young"
2250852,Roseanna,1993,video movie,95.0,"Crime, Drama",Swedish,Daniel Alfredson,
2317283,Stripped Naked,2009,video movie,88.0,Mystery & thriller,English,Lee Demarbre,"Ian Driscoll,Christine Conradt"
2269235,Seance,2011,video movie,93.0,Horror,English,Simon Barrett,Simon Barrett
2054772,Last Resort,1994,video movie,86.0,Comedy,English,Zane Buzby,
2473168,Vampirella,1996,video movie,82.0,"Action, Fantasy, Horror",English,Jim Wynorski,
1732300,Black Gold,2011,video movie,82.0,Drama,English,Russell Hopton,
2137521,My Brother Mike,2010,video movie,46.0,Documentary,English,Lisa Sheridan,
2001593,Joan of Arc,1996,video movie,200.0,Drama,English,Christian Duguay,Michael Alexander Miller
2314698,Storm,2004,video movie,105.0,Drama,English,Hans-Christian Schmid,"Bernd Lange,Hans-Christian Schmid"
2241809,Revenge,2009,video movie,124.0,"Mystery & thriller, Drama",English,Tony Scott,
2153348,Night,2006,video movie,65.0,Horror,English,Nicholas Michael Jacobs,Nicholas Michael Jacobs
2054308,Last Chance,2007,video movie,73.0,"Comedy, Drama",English,Ronit Jadhav,Ronit Jadhav
1878012,Exit,1996,video movie,100.0,Mystery & thriller,Swedish,Peter Lindmark,Peter Lindmark
2232566,Rare and Unseen: The Beatles,2008,video movie,,,,Various,
1677704,Almost Invisible,2010,video movie,95.0,"Fantasy, Horror",English,David Allingham,David Allingham
2303378,South,2012,video movie,77.0,Drama,English (United Kingdom),Gerard Walsh,Gerard Walsh
1706927,Baby,2011,video movie,159.0,"Action, Crime, Drama, Mystery & thriller",Hindi,Neeraj Pandey,Neeraj Pandey
2417554,The Suitcase,2011,video movie,97.0,Mystery & thriller,English,David J. Garfield,David J. Garfield
2517022,Zabardast,2011,video movie,136.0,"Action, Adventure, Drama, Romance",Marathi,Mahesh Kothare,
2387386,The Little Mermaid,1992,video movie,85.0,"Fantasy, Adventure",English,"Blake Harris,Chris Bouchard",Blake Harris
2121591,Misconception,2009,video movie,116.0,"Romance, Comedy",Arabic,Ahmad Samir Farag,Mohamed Nayer
1771769,Child's Play,2010,video movie,90.0,"Horror, Mystery & thriller",English,Lars Klevberg,Tyler Burton Smith
1695695,Arrested Soul,2002,video movie,,,,Unknown Director,
1785048,Company of Heroes,2013,video movie,100.0,"Action, War",English,Don Michael Paul,David Reed
1773368,Choices,2010,video movie,100.0,Drama,English,David Lowell Rich,
2019225,Killer,2011,video movie,,,,Unknown Director,
2357313,The Collector,2010,video movie,125.0,Mystery & thriller,French (Canada),Jean Beaudin,
2267803,Scream Bloody Murder,2003,video movie,90.0,Horror,English,Marc B. Ray,"Larry Alexander,Marc B. Ray"
1916416,Ghost,2011,video movie,88.0,Drama,English (United Kingdom),Anthony Z. James,Anthony Z. James
2379372,The Hunt for Eagle One: Crash Point,2006,video movie,86.0,"Action, Mystery & thriller",English,Henry Crum,Michael Henry Carter
2398141,The Nutcracker,1987,video movie,78.0,"Fantasy, Musical, Romance",English,Tony Charmoli,"Mikhail Baryshnikov,Alexandre Dumas"
1863954,Eldorado,2011,video movie,90.0,Documentary,German,Markus Imhoof,
1704926,Awaken,2010,video movie,74.0,Documentary,Unknown language,Tom Lowe,
2176350,One Simple Question,2013,video movie,85.0,Documentary,English,Derek Alan Rowe,Teresa Carey
2223778,Purgatory,2008,video movie,90.0,"Horror, Mystery & thriller",English,John O'Callaghan,"John O'Callaghan,Maxine O'Callaghan,James Seitz"
1742835,Box,2007,video movie,5.0,,,Ivan Rubio,
1781762,Cold Blooded,2007,video movie,86.0,"Crime, Drama",English,Jason Lapeyre,Jason Lapeyre
2345323,The Apprentice,2011,video movie,82.0,Drama,French (France),Samuel Collardey,"Samuel Collardey,Catherine Paillé"
2351902,The Box,1998,video movie,99.0,"Crime, Drama, Mystery & thriller",English,Richard Pepin,
2499985,Wicked Games,1994,video movie,,Mystery & thriller,English,Teddy Grennan,Teddy Grennan
2265317,Scavengers,2011,video movie,85.0,"Horror, Mystery & thriller",,,
1717898,Beauty and the Beast,1992,video movie,124.0,"Fantasy, Musical",English,Bill Condon,
2054248,Last Call,2006,video movie,100.0,Comedy,English,Rich Wilkes,
2176010,One Night Stand,2009,video movie,12.0,Drama,English,Wojciech Zieliński,Wojciech Zieliński
1735527,Blood Brothers,2012,video movie,96.0,Drama,English,Bruce Pittman,
1701683,Attack of the Super Monsters,1982,video movie,83.0,Drama,Japanese,"Toru Sotoyama,Tom Wyner","Masaki Tsuji,Ifumi Uchiyama,Tom Wyner"
2497761,White,2011,video movie,149.0,Romance,Malayalam,Uday Ananthan,"Uday Ananthan,Praveen Balakrishnan,Nandini Valsan"
1728281,Bigfoot,2006,video movie,86.0,"Kids & family, Adventure, Fantasy, Animation",English,Evan Tramel,Holly May Opee
1650457,A Hollywood Christmas,1996,video movie,91.0,"Kids & family, Holiday, Romance, Comedy",English,Alex Ranarivelo,John Ducey
2406197,The Real Deal,2009,video movie,77.0,Drama,English,"Michael Breault,Eddie Siebert",Michael Breault
2309169,Stacker,2013,video movie,63.0,Documentary,English,Jeremi Mattern,
1952595,Hit and Run,2009,video movie,94.0,"Crime, Drama",English,Chuck Braverman,
2481236,Visitors,2005,video movie,108.0,Drama,Japanese,"Hong Sang-soo,Lav Diaz,Naomi Kawase","Hong Sang-soo,Lav Diaz"
1946494,Here and There,2011,video movie,85.0,"Comedy, Drama",Serbian,Darko Lungulov,Darko Lungulov
1838068,Dog Tags,2009,video movie,90.0,"Drama, Romance",English,Damion Dietz,Damion Dietz
2094062,Made in Italy,2004,video movie,101.0,Comedy,Italian,Nanni Loy,
2294896,Small Town Girl,2007,video movie,93.0,"Musical, Comedy",English,Leslie Kardos,
1991115,It Ain't Easy,2006,video movie,80.0,Drama,English,,
2154161,Nightfall,2010,video movie,78.0,"Crime, Drama",English,Jacques Tourneur,
1645248,A Candle in the Dark,2002,video movie,45.0,"Horror, Mystery & thriller",English,Richard Poche,"Michael Anthony Lee,Richard Poche"
2437381,Timeline,2012,video movie,116.0,"Adventure, Action, Sci-fi",English,Richard Donner,"George Nolfi,Jeffrey Maguire,Michael Crichton"
2121303,Mirror,2012,video movie,87.0,"Horror, Crime, Drama, Mystery & thriller",Chinese,Kiefer Liu,
2296428,Snitch'd,2003,video movie,86.0,"Action, Mystery & thriller",English,James Cahill,"James Cahill,Donn Keresey"
1849440,Dust,2011,video movie,90.0,Documentary,German,Hartmut Bitomsky,Hartmut Bitomsky
1783895,Comic Book Villains,2002,video movie,93.0,Comedy,English,James Robinson,James Robinson
1731894,Black Cat,2004,video movie,88.0,Horror,English,Serge Rodnunsky,Serge Rodnunsky
2182970,Out for Blood,2004,video movie,86.0,Action,English,Richard W. Munchkin,"Robert Easter,Neva Friedenn,Paul Maslak"
1824937,Devil in the Flesh,1998,video movie,110.0,Drama,Italian,Marco Bellocchio,
1824270,Detour,1998,video movie,87.0,Mystery & thriller,English,William Dickerson,"William Dickerson,Dwight Moody"
1981149,In the Darkness,2010,video movie,59.0,Mystery & thriller,English,Andrew Robinson,Andrew Robinson
1742246,Bottoms Up,2006,video movie,85.0,"Comedy, Lgbtq+",English,Erik MacArthur,"Erik MacArthur,Nick Ballo"
2447872,Trapped,2010,video movie,96.0,Mystery & thriller,English,Fred Walton,
2331447,Tales of Terror,2009,video movie,90.0,Horror,English,Roger Corman,
1658410,A Tale of Two Cities,2007,video movie,30.0,Drama,,William Humphrey,Eugene Mullin
1779757,Closure,2010,video movie,90.0,"Comedy, Drama",English,Alex Goldberg,Alex Goldberg
1880031,F.A.R.T.: The Movie,1991,video movie,87.0,Comedy,English,Ray Etheridge,"Robert Axelrod,Steven Banks,Kathleen F. Doyle,Ray Etheridge"
2233746,Razortooth,2007,video movie,92.0,"Horror, Mystery & thriller",English,Patricia Harrington,"Matt Holly,Jack Monroe"
1647168,A Day in the Life,2010,video movie,90.0,"Musical, Crime, Drama",English,"Kirk ""Sticky Fingaz"" Jones","Kirk ""Sticky Fingaz"" Jones"
2075657,Limbo,2011,video movie,,,,Anna Sofie Hartmann,
1880031,F.A.R.T.: The Movie,1991,video movie,85.0,Comedy,English,Matt Berman,Matt Berman
2444091,Tortured,2008,video movie,107.0,"Mystery & thriller, Crime, Drama",English,Nolan Lebovitz,Nolan Lebovitz
2076775,Listen,2009,video movie,74.0,Drama,English,Ana Rocha,"Ana Rocha,Aaron Brookner,Paula Vaccaro"
1948773,Hidden in Plain Sight,2003,video movie,90.0,Mystery & thriller,English,Stacia Crawford,Jed Seidel
1885974,Fearless,2004,video movie,103.0,"Action, Biography",Chinese,Ronnie Yu,Chris Chow
1683163,An All Dogs Christmas Carol,1998,video movie,73.0,"Kids & family, Holiday, Adventure, Animation",English,Paul Sabella,
1776158,Cinderella,1996,video movie,105.0,"Kids & family, Fantasy, Romance",English,Kenneth Branagh,Chris Weitz
2269823,Second Glance,2010,video movie,50.0,Drama,English,Rich Christiano,Danny Carrales
1870543,Envy,2002,video movie,,,,Gloria Christal,
1924510,"Good People, Bad Things",2008,video movie,90.0,Mystery & thriller,English,Patrick Phillips,"Patrick Phillips,Myra Mero"
1807873,David and Goliath,1995,video movie,92.0,Drama,English,Timothy A. Chey,Timothy A. Chey
1635737,12 Rounds: Reloaded,2013,video movie,94.0,Action,English,Roel Reiné,David Benullo
2298523,Solace,2011,video movie,101.0,Mystery & thriller,English,Afonso Poyart,Sean Bailey
1984443,Inhale,2011,video movie,83.0,"Drama, Mystery & thriller",English,Baltasar Kormákur,"Walter A. Doty III,John Claflin"
1760376,Carlita's Secret,2004,video movie,91.0,Mystery & thriller,English,George Cotayo,"Delvin Molden,Daniel Chiu"
2265196,Scarred,2004,video movie,85.0,Drama,English,Rosemarie Turko,Rosemarie Turko
1956188,Homestay,2007,video movie,112.0,"Fantasy, Drama",Japanese,Natsuki Seta,"Tomoe Kanno,Eto Mori"
2238420,Remake,2012,video movie,119.0,"Crime, Drama, Horror, Mystery & thriller",English,Doug Phillips,Doug Phillips
1987508,Interview,2005,video movie,91.0,Drama,Dutch,Theo van Gogh,Theodor Holman
2252508,Rubbers,2004,video movie,86.0,Comedy,Chinese,Yew Kwang Han,Yew Kwang Han
2377673,The Hills Run Red,2009,video movie,81.0,"Horror, Mystery & thriller",English,Dave Parker,John Dombrow
2503590,Witchcraft 13: Blood of the Chosen,2008,video movie,89.0,Horror,English,Mel House,"Jeffrey Wolinski,Michael Wolinski"
2409492,The Ruining,2004,video movie,90.0,Horror,English,Christopher Burgard,Christopher Burgard
1794290,Crossroads,2010,video movie,94.0,"Comedy, Drama",English,Tamra Davis,Shonda Rhimes
2125343,Mojave Magic: A Turtle's Eye View of SpaceShipOne,2005,video movie,,,,Jim Sayers,
2363261,The Divine Enforcer,1992,video movie,90.0,Action,English,Robert Rundle,
1811905,Deadly Species,2002,video movie,86.0,"Horror, Sci-fi",English,Daniel Springen,
1998967,Jericho's Echo: Punk Rock in the Holy Land,2005,video movie,,,,Liz Nord,
2373719,The Golem,2004,video movie,95.0,"Horror, Mystery & thriller",English,"Doron Paz,Yoav Paz",Ariel Cohen
1836828,Do No Harm,2012,video movie,82.0,"Horror, Mystery & thriller",English,Don Johns,Don Johns
1665429,Adam,2009,video movie,98.0,Drama,Arabic,Maryam Touzani,"Maryam Touzani,Nabil Ayouch"
2091840,M,2008,video movie,99.0,"Mystery & thriller, Crime, Drama",German,Fritz Lang,"Egon Jacobson,Fritz Lang"
1714655,Bartok the Magnificent,1999,video movie,67.0,"Kids & family, Adventure, Animation",English,"Don Bluth,Gary Goldman",
1923754,Gone,2013,video movie,95.0,Mystery & thriller,Swedish,"Mattias Olsson,Henrik JP Åkesson",
1944599,Hellraiser: Deader,2005,video movie,88.0,Horror,English,Rick Bota,"Neal Marshall Stevens,Tim Day"
2447872,Trapped,2010,video movie,92.0,Drama,Persian,Parviz Shahbazi,Parviz Shahbazi
1723847,Bettie Page: The Girl in the Leopard Print Bikini,2004,video movie,90.0,Documentary,English,,
2176596,One Way Out,2002,video movie,105.0,"Crime, Drama",English,Kevin Lynn,
2021049,Kinky Kong,2006,video movie,76.0,Comedy,English,John Bacchus,John Bacchus
2267676,Scrapbook,2000,video movie,110.0,Drama,English,Kurt Kuenne,Kurt Kuenne
1942219,Heartbreaker,2011,video movie,105.0,"Romance, Comedy",French (France),Pascal Chaumeil,"Laurent Zeitoun,Jeremy Doner,Yohan Gromb,Laurent Zeitoun,Jeremy Doner,Yoann Gromb"
1927904,Greed,2006,video movie,101.0,Comedy,,Nigel Evans,
1717898,Beauty and the Beast,1992,video movie,95.0,Fantasy,French (Canada),Jean Cocteau,"Jean Cocteau,Jeanne-Marie Leprince de Beaumont,Jean Cocteau"
2399238,The Orchard,2010,video movie,102.0,Drama,English,"Clive Myer,Lynda Myer-Bennett",
2359167,The Craving,2008,video movie,25.0,Horror,English,Kenneth Hurd,Spencer Simpson
1733654,Blade of the Vampire,2005,video movie,,,,Unknown Director,
1674311,Alice,2009,video movie,103.0,"Romance, Comedy, Drama",French (France),Josephine Mackerras,Josephine Mackerras
2085139,Lost Prophets: Search for the Collective,2010,video movie,52.0,"Documentary, Action, Adventure",English,Nathan Apffel,
2402553,The Planet,2006,video movie,71.0,"Horror, Sci-fi",English,Mark Stirton,Mark Stirton
1784177,Coming Soon,2008,video movie,90.0,Comedy,Filipino,Martin Aviles,Dante Nico Garcia
1937898,Hard Luck,2006,video movie,101.0,"Mystery & thriller, Crime, Drama",English,Mario Van Peebles,"Larry Brand,Mario Van Peebles"
1928516,"Gretzky, Indy & the W.H.A.",2009,video movie,360.0,Documentary,English,Timothy Gassen,Timothy Gassen
2503587,Witchcraft,1988,video movie,90.0,Horror,English,Rob Spera,
2281277,Shelter,2009,video movie,93.0,Action,English,Scott Paulin,
2158565,Nocturne,2005,video movie,134.0,Documentary,English,Tony Palmer,
2140701,Mystic Iran: The Unseen World,2002,video movie,,,,Aryana Farshad,
2293660,Sleepover Nightmare,2005,video movie,81.0,Horror,English,Boon Collins,Boon Collins
2100936,Mania,2006,video movie,88.0,Horror,English,Jessica Cameron,Jonathan Scott Higgins
2367560,The Fan,1998,video movie,117.0,Mystery & thriller,English,Tony Scott,
2360122,The Cutting Edge: Going for the Gold,2006,video movie,98.0,"Drama, Romance",English,Sean McNamara,
1870543,Envy,2002,video movie,83.0,"Drama, Mystery & thriller",English,Julie Money,Jeff Truman
2200412,Phantom Town,1999,video movie,90.0,Drama,English,Jeff Burr,Neal Marshall Stevens
2018390,Kidnap,2011,video movie,180.0,"Crime, Drama, Mystery & thriller",Hindi,Sanjay Gadhvi,Shibani Bathija
1994118,Jack Me,2008,video movie,90.0,Comedy,English,Randy Morgan,Randy Morgan
2158021,Noah's Ark,2010,video movie,100.0,Drama,English,Michael Curtiz,Anthony Coldeway
2160388,Nostalgia,2011,video movie,114.0,Drama,English,Mark Pellington,Alex Ross Perry
2424149,The Vigil,2011,video movie,95.0,"Drama, Mystery & thriller",Spanish,Augusto Tamayo San Román,
1851817,East L.A. King,2004,video movie,98.0,Drama,English,Jackie Torres,
2278684,Shakedown,2002,video movie,80.0,Drama,English,Joseph Pevney,
1813468,Deceit,2006,video movie,145.0,Mystery & thriller,English,Stuart Orme,Jacqueline Holborough
1812831,Death of a Superhero,2012,video movie,96.0,"Drama, Romance",English,Ian Fitzgibbon,Anthony McCarten
1852730,Echoes,2011,video movie,72.0,Drama,English,Atsushi Funahashi,Atsushi Funahashi
2400795,The Path,2009,video movie,82.0,Mystery & thriller,Spanish (Spain),Miguel Ángel Toledo,"Juan Carlos Fresnadillo,Miguel Ángel Toledo"
1998991,Jerkbeast,2005,video movie,83.0,Comedy,English,,"Brady Hall,Calvin Reeder"
2381139,The Ironbound Vampire,1997,video movie,75.0,Horror,English,,
1879079,Extraordinary,,video movie,86.0,Drama,English,Scotty Curlee,"Scotty Curlee,Cheryl McKay"
2208895,Poker Night,2010,video movie,105.0,Mystery & thriller,English,Greg Francis,Greg Francis
2134747,Mulva 2: Kill Teen Ape!,2005,video movie,62.0,"Action, Comedy",English,Chris Seaver,Chris Seaver
1803816,Dark Angel: The Ascent,1994,video movie,84.0,Fantasy,English,L. Hassani,
1813455,Decaying Orbit,2007,video movie,,,,Unknown Director,
2448747,Treasure of Pirate's Point,1999,video movie,88.0,Adventure,English,Richard Stanley,
2394302,The Mirror,2010,video movie,93.0,Drama,Persian,Jafar Panahi,Jafar Panahi
1842347,Double Cross,1994,video movie,8.0,"Crime, Drama",English,"Sam Bradford,Kyla Frye",
2404715,The Prophecy 3: The Ascent,2000,video movie,108.0,Horror,English,Patrick Lussier,
2478516,Video Violence 2,1987,video movie,75.0,Horror,English,Gary P. Cohen,Gary P. Cohen
1941395,Head Games,1996,video movie,91.0,Documentary,English,Steve James,
2374369,The Graveyard of Death,2005,video movie,94.0,"Horror, Mystery & thriller",English,Jonathon Ash,Jonathon Ash
2447872,Trapped,2010,video movie,86.0,"Mystery & thriller, Horror",Dutch,Mark Weistra,Mark Weistra
2206009,Play Dead,1998,video movie,75.0,Mystery & thriller,English,Shade Rupe,"Todd Robbins,Teller"
2354680,The Caretaker,2008,video movie,96.0,"Drama, Horror, Romance",English,Tom Conyers,Tom Conyers
2158565,Nocturne,2005,video movie,116.0,"Fantasy, Romance, Drama",English,Saul Pincus,"Saul Pincus,Mitch Magonet"
2232173,Rank,2009,video movie,85.0,Documentary,English,John Hyams,
2311570,Static,2005,video movie,90.0,Comedy,English,Mark Romanek,
2055124,Late Marriage,2003,video movie,102.0,"Comedy, Drama, Romance",Georgian,Dover Koshashvili,Dover Koshashvili
2233260,Raven,1996,video movie,100.0,"Horror, Mystery & thriller",English,Gregori J. Martin,Aaron Pope
2501113,Wild Things 2,2004,video movie,98.0,Mystery & thriller,English,Jack Perez,
2351932,The Box,2009,video movie,70.0,"Drama, Mystery & thriller",English,Sasha Sibley,Sasha Sibley
1681928,Amityville: A New Generation,1993,video movie,92.0,Horror,English,John Murlowski,"Christopher DeFaria,Antonio Toro"
1835564,Distance,2013,video movie,,,,Sivaroj Kongsakul,
1654790,A Perfect Match,2008,video movie,90.0,Romance,English,Adam Swica,Courtney McAllister
1721053,Belly of the Beast,2003,video movie,82.0,Documentary,English,Erika Cohn,
2507364,Writer's Block,2010,video movie,100.0,Mystery & thriller,English,Charles Correll,
1898868,Forget Me Not,2010,video movie,21.0,Drama,English (United Kingdom),Nicholas Goulden,"Nicholas Goulden,Angela Godfrey"
2333198,Tapeworm,2010,video movie,78.0,"Comedy, Drama",English,"Milos Mitrovic,Fabián Velasco","Milos Mitrovic,Fabián Velasco"
2114993,Metal Man,2008,video movie,87.0,"Action, Adventure, Sci-fi",English,Ron Karkoska,"Carlos Perez,Novin Shakiba"
2495889,When Mama Returns,2004,video movie,103.0,"Drama, Mystery & thriller",English,Wesphald Benjamin,
2264964,Scanner Cop II,1995,video movie,95.0,Sci-fi,English,Steve Barnett,
2473042,Vampegeddon,2010,video movie,75.0,Horror,English,Jeffrey Alan Miller,David C. Hayes
2223992,Pursuit,2011,video movie,89.0,"Action, Crime, Drama, Romance, Mystery & thriller",English (United Kingdom),Paul Mercier,Paul Mercier
1747380,Broken Wings,2012,video movie,93.0,Drama,English,Daminico Lynch,
2085826,Love & Distrust,2010,video movie,93.0,"Drama, Romance",English,"Daisy Gili,Eric Kmetz,Darcy Yuille",
2473481,Vanessa,2007,video movie,85.0,Drama,Spanish,Rene Cardona Jr.,
2486315,Wal-Mart: The High Cost of Low Price,2005,video movie,98.0,Documentary,English,Robert Greenwald,
2387391,The Little Mermaid II: Return to the Sea,2000,video movie,75.0,"Kids & family, Fantasy, Animation",English,Jim Kammerud,"Elizabeth Anderson,Temple Matthews"
2315310,Stranded,2002,video movie,92.0,Sci-fi,English,Fred Olen Ray,
2331466,Tales of the Dead,2010,video movie,90.0,Horror,English,Tim Rasmussen Jr.,Tim Rasmussen Jr.
1948809,Hidden Rage,2010,video movie,90.0,Drama,English,"Norton Rodriguez,Roberto Escobar","Alejandro Leyva,Robert A. Kramer"
1846568,Driven,2009,video movie,108.0,"Mystery & thriller, Action",English,Nick Hamm,"Colin Bateman,Alejandro Carpio"
1944198,Hell's Highway,2002,video movie,100.0,Documentary,English,Bret Wood,
2235789,Red Canopy,2006,video movie,90.0,Action,Unknown language,,
1984706,Ink,2010,video movie,90.0,Drama,French (Canada),Hamé,Hamé
2463986,Unbreakable,2011,video movie,119.0,"Drama, Romance",Filipino,Mae Czarina Cruz,
1937332,Happy Hour,2009,video movie,317.0,Drama,Japanese,Ryûsuke Hamaguchi,"Ryûsuke Hamaguchi,Tadashi Nohara,Tomoyuki Takahashi"
2372234,The Gift,2007,video movie,2.0,"Kids & family, Animation",English,,
2369439,The Fixer,2011,video movie,95.0,"Crime, Drama",English,Charles Robert Carner,Charles Robert Carner
2325542,Sweat,2004,video movie,107.0,Drama,Polish,Magnus von Horn,Magnus von Horn
1916614,Ghost Story,2006,video movie,110.0,Horror,English,John Irvin,Lawrence D. Cohen
1794169,Crossing the American Crises: From Collapse to Action,2011,video movie,88.0,Documentary,English,"Michael Fox,Silvia Leindecker",
1988465,Invasion of Privacy,1992,video movie,94.0,Mystery & thriller,English,Anthony Hickox,
2383177,The Kiss,2003,video movie,96.0,Horror,English,Scott Madden,Scott Madden
2253333,Run,2012,video movie,90.0,"Action, Romance, Mystery & thriller",English,Simone Bartesaghi,Simone Bartesaghi
1863954,Eldorado,2011,video movie,80.0,"Comedy, Drama",French (Canada),Bouli Lanners,Bouli Lanners
2336036,Teen Titans: Trouble in Tokyo,2006,video movie,100.0,"Kids & family, Adventure, Animation",English,"Michael Chang,Ben Jones,Matt Youngberg",David Slack
1735818,Blood Out,2011,video movie,90.0,"Action, Crime, Drama",English,Jason Hewitt,"Jason Hewitt,John A. O'Connell"
1734402,Blind,2004,video movie,103.0,"Drama, Romance",Dutch,Tamar van de Dop,Tamar van de Dop
1725127,Beyond the Walls,2011,video movie,103.0,Drama,Hebrew,Uri Barbash,
1730395,Birdsong,2011,video movie,,,,Unknown Director,
2351932,The Box,2009,video movie,93.0,"Drama, Music",Korean,Yang Jung-woong,Yang Jung-woong
1745067,Breakout,1998,video movie,90.0,Drama,English (United Kingdom),Moira Armstrong,Michael Stewart
1878186,Exodus,2009,video movie,72.0,Documentary,English,Elias Matar,"Elias Matar,Edward E. Romero"
2366696,The Extraordinary Voyages of Jules Verne,2008,video movie,70.0,"Drama, Biography",English,Philip Gardiner,Philip Gardiner
2346509,The Awakening,2005,video movie,90.0,"Drama, Romance",French (Canada),Denis Héroux,Roger Fournier
2240550,Restless,2009,video movie,,,,Amos Kollek,
2019282,Killer Cop,2002,video movie,91.0,Mystery & thriller,English,Marc Rylewski,Marc Rylewski
2293774,Slender,2012,video movie,90.0,"Horror, Mystery & thriller",English,Joel Petrie,
2355863,The Chief,2010,video movie,67.0,Comedy,English,Charles Reisner,
2253333,Run,2012,video movie,91.0,Action,English,Geoff Burrowes,"Dennis Shryack,Michael Blodgett"
1743441,Boys Will Be Boys,2002,video movie,89.0,Comedy,English,Dom DeLuise,
2420408,The Tomorrow Man,2002,video movie,74.0,Sci-fi,English,Tibor Takacs,
1668232,After Sundown,2006,video movie,90.0,"Action, Horror",English,"Christopher Abram,Michael W. Brown",Christopher Abram
1731147,Bittersweet,2010,video movie,,Drama,English,Michelle Hutchison,"Michelle Hutchison,Sydney Gilliam,Emmylou Barden,Jillian Sjoquist"
1776156,Cinderella,1994,video movie,96.0,Drama,English,Beeban Kidron,Nick Dear
2378740,The House,2008,video movie,88.0,Comedy,English,Andrew Jay Cohen,"Brendan O'Brien,Andrew Jay Cohen"
2269792,Second Coming,2010,video movie,105.0,Drama,English,Debbie Tucker Green,Debbie Tucker Green
1687854,Angel of Music,2009,video movie,50.0,Drama,English,John Woosley,"Jason Vivone,John Woosley"
1965448,Hysteria,2002,video movie,99.0,Comedy,English,Tanya Wexler,"Stephen Dyer,Jonah Lisa Dyer"
2447872,Trapped,2010,video movie,78.0,"Crime, Drama",English,Richard Fleischer,"Earl Felton,George Zuckerman"
1838355,Doing Hard Time,2004,video movie,100.0,"Crime, Drama",English,Preston A. Whitmore II,
1694429,Arena,1985,video movie,105.0,Documentary,Spanish,Günter Schwaiger,Günter Schwaiger
1735855,Blood Relic,2005,video movie,86.0,"Horror, Mystery & thriller",English,J. Christian Ingvordsen,"J. Christian Ingvordsen,Matthew Howe"
2444687,Touch,2007,video movie,11.0,Drama,English,Jen McGowan,Colin Pink
2406829,The Red Skulls,2005,video movie,81.0,Horror,English,"Andrew Campbell,Lucas Campbell","Andrew Campbell,Lucas Campbell,Cory Maidens"
2100936,Mania,2006,video movie,120.0,Mystery & thriller,English,"John Sheppard,David Lynch,David M. Robertson",
1736102,Bloodlines,2007,video movie,,,,Unknown Director,
2484372,Vs. the Dead,2009,video movie,90.0,"Comedy, Horror",English,,"Jeff Beckman,Phil Pattison"
2371521,The Garden,1995,video movie,80.0,Documentary,English,Scott Hamilton Kennedy,Scott Hamilton Kennedy
2356357,The Church,2006,video movie,100.0,Drama,English,Robert G. Christie,Keith Ward
2096952,Make a Wish,2002,video movie,96.0,"Horror, Mystery & thriller",English,Sharon Ferranti,Lauren Johnson
1713230,Barbie in the 12 Dancing Princesses,2006,video movie,82.0,"Kids & family, Adventure, Animation",English,"Greg Richardson,Terry Klassen","Elana Lesser,Cliff Ruby"
2437333,Timegate: Tales of the Saddle Tramps,1999,video movie,73.0,Drama,English,Sam Silver,Louise Dunkirk
2325952,Sweet Dreams,2011,video movie,,Horror,English,David W. Keffer,
2236609,Redemption,2003,video movie,100.0,,,,
2356358,The Church,2008,video movie,81.0,Horror,English,Dom Frank,Dom Frank
2371644,The Gatekeeper,2008,video movie,80.0,Horror,English,Darren Ripley,Darren Ripley
2077897,Little Sister,2007,video movie,,Fantasy,English,Richard Bowen,Richard Bowen
1834338,Dirty Laundry,2008,video movie,79.0,Comedy,English,William Webb,"Brad Munson,William Webb"
1760963,Carnies,2010,video movie,82.0,"Horror, Mystery & thriller",English,Brian Corder,"Brian Corder,Ron Leming,John B. Nash"
2490949,Web of Deceit,2000,video movie,97.0,Drama,English,Sandor Stern,
2158576,Nocturne,2012,video movie,116.0,"Fantasy, Romance, Drama",English,Saul Pincus,"Saul Pincus,Mitch Magonet"
2318904,Suburban Nightmare,2004,video movie,84.0,Mystery & thriller,English,Jon Keeyes,Jon Keeyes
2480715,Virtuality,2010,video movie,90.0,"Sci-fi, Mystery & thriller",English,Peter Berg,Michael Taylor
2379266,The Hunchback of Notre Dame II,2002,video movie,68.0,"Kids & family, Adventure, Animation",English,Bradley Raymond,"Flip Kobler,Cindy Marcus,Jule Selbo"
1927630,Great Expectations,1998,video movie,111.0,Drama,English,Alfonso Cuarón,"Charles Dickens,Mitch Glazer"
1672973,Alaska,2008,video movie,109.0,"Kids & family, Drama",English,Fraser C. Heston,"Andy Burg,Scott Myers"
1684288,An Irish Vampire in Hollywood,2013,video movie,90.0,"Fantasy, Horror",English (United Kingdom),Pegarty Long,Pegarty Long
1794201,Crossing the Line,2009,video movie,91.0,Documentary,English,Daniel Gordon,
2397987,The Note,2006,video movie,96.0,Drama,English,Douglas Barr,Paul W. Cooper
2454396,Turning Point,1996,video movie,75.0,"Comedy, Drama",English,Ryan Moser,Ryan Moser
2064333,Left Behind,2008,video movie,98.0,Mystery & thriller,English,Vic Sarin,"Jerry B. Jenkins,Tim LaHaye,Alan B. McElroy"
1720661,Belinda,1986,video movie,97.0,Drama,English,Pamela Gibbons,
2251241,Rot,1999,video movie,93.0,"Horror, Mystery & thriller",English,Andrew Merrill,Andrew Merrill
1989190,Iran: The Forgotten Glory,2009,video movie,95.0,Documentary,English,Makan Karandish,"Amir Fetanat,Patrick Hegarty"
2022115,Kite,1998,video movie,90.0,"Action, Mystery & thriller",English,Ralph Ziman,Brian Cox
1788270,Cool Blue,1990,video movie,91.0,"Romance, Comedy",English,"Mark Mullin,Richard Shepard",Mark Mullin
2381905,The Journey,2011,video movie,94.0,Drama,English (United Kingdom),Nick Hamm,Colin Bateman
2176010,One Night Stand,2009,video movie,73.0,Documentary,English,"Trish Dalton,Elisabeth Sperling",
1773368,Choices,2010,video movie,90.0,Drama,English,Silvio Narizzano,
2096952,Make a Wish,2002,video movie,9.0,"Comedy, Horror",English,Dinh Thai,Dinh Thai
1718998,Before the Fall,2006,video movie,100.0,"Comedy, Drama, Romance",English,Byrum Geisler,Byrum Geisler
2351911,The Box,2004,video movie,70.0,"Drama, Mystery & thriller",English,Sasha Sibley,Sasha Sibley
1811844,Deadly Lessons,1995,video movie,137.0,Mystery & thriller,English,,
2120223,Mine,2013,video movie,30.0,"Drama, Horror",English,Michael P. Vidler,Michael P. Vidler
1845213,Dream House,2009,video movie,97.0,Sci-fi,English,Graeme Campbell,
1714444,Barricade,2007,video movie,96.0,Mystery & thriller,English,Timo Rose,"Timo Rose,Ted Geoghegan"
1845213,Dream House,2009,video movie,30.0,"Drama, Romance",English,Jeff Bemiss,"David Lally,Kevin Commins"
1684270,An Introductory Guide to Wine,2007,video movie,103.0,Documentary,English,Lynn Stevenson,
2441522,Tom Sawyer,2000,video movie,86.0,Adventure,English,John Cromwell,
2399472,The Other,2006,video movie,,Drama,English,Charlotte Dauphin,Charlotte Dauphin
2003892,Josh,2011,video movie,104.0,Drama,English,Iram Parveen Bilal,Iram Parveen Bilal
1727434,Big Guns,2006,video movie,84.0,Comedy,English,John Rester Zodrow,John Rester Zodrow
2457122,Tycus,1999,video movie,94.0,Action,English,John Putch,"Michael Goetz,Kevin Goetz"
2241737,Revelation,2006,video movie,,,,Kevin Summerfield,
2065833,Leona Calderon,2013,video movie,90.0,"Comedy, Drama, Romance",English,Jowee Morel,
1908751,G.I. Joe: The Movie,1987,video movie,93.0,"Kids & family, Adventure, Animation",English,Don Jurwich,Ron Friedman
2267803,Scream Bloody Murder,2003,video movie,88.0,"Horror, Comedy",English,Jon Hoffman,
2313421,Still Life,2007,video movie,,,,Chris Esper,
1812259,Dear John,2004,video movie,115.0,Drama,Swedish,Lars-Magnus Lindgren,Lars-Magnus Lindgren
2406848,The Red Tail,2009,video movie,86.0,Documentary,English,"Melissa Koch,Dawn Mikkelson",
1936129,Hanger,2009,video movie,90.0,Horror,English,Ryan Nicholson,"Ryan Nicholson,Patrick Coble"
1952595,Hit and Run,2009,video movie,96.0,Mystery & thriller,English,Dan Lerner,
2134504,Mulan II,2004,video movie,79.0,"Kids & family, Adventure, Animation",English,"Darrell Rooney,Lynne Southerland","Michael Lucker,Chris Parker,Roger S.H. Schulman"
2287027,Sight Unseen,2001,video movie,96.0,Mystery & thriller,English,David Golden,
2294896,Small Town Girl,2007,video movie,90.0,"Romance, Comedy",English,William A. Wellman,"John Lee Mahin,Frances Goodrich,Albert Hackett,Edith Fitzgerald"
1811269,Dead Noon,2007,video movie,81.0,"Horror, Western",English,Andrew Wiest,"Andrew Wiest,Keith Suta,Matthew Taggart"
2054579,Last Man Standing,1995,video movie,90.0,Mystery & thriller,English,Jack Burditt,"Jolene Rice,Adam Beason"
1746983,Broken,1992,video movie,98.0,"Mystery & thriller, Drama",English,Shaun Robert Smith,"Craig Conway,Shaun Robert Smith"
1747779,Brother Bear 2,2006,video movie,74.0,"Kids & family, Adventure, Comedy, Animation",English,Ben Gluck,Rich Burns
1822941,Desire,1997,video movie,28.0,Drama,English,Sherina Mikasa,Sherina Mikasa
1743704,Brain Blockers,2007,video movie,,,,,
2020482,King of Hearts,2005,video movie,102.0,Comedy,French (Canada),Philippe de Broca,
1735463,Blood and Oil: The Middle East in World War I,2006,video movie,112.0,"Documentary, History, Drama, War",English,Marty Callaghan,
2281277,Shelter,2009,video movie,,,,Jason Sussberg,
2258281,Salad Days,2002,video movie,,,,Unknown Director,
2415070,The Spaghetti West,2005,video movie,,,,Unknown Director,
1768259,Charlotte's Web 2: Wilbur's Great Adventure,2003,video movie,75.0,"Kids & family, Adventure, Animation",English,Mario Piluso,"Elana Lesser,Cliff Ruby"
2307739,Spring,2011,video movie,104.0,"Musical, Comedy, Romance, Sci-fi",Russian,Grigoriy Aleksandrov,"Aleksandr Raskin,Grigoriy Aleksandrov,Moris Slobodskoy"
1782119,Collapse,2006,video movie,90.0,"Drama, Mystery & thriller",English,Javier Barbera,"Javier Barbera,Jason Morciglio"
2160385,Nostalgia,2008,video movie,130.0,Drama,Russian,Andrei Tarkovsky,"Tonino Guerra,Andrei Tarkovsky"
1982855,Incognito,2010,video movie,100.0,Drama,French (Canada),Patrice Dally,
2299072,Solitaire,2005,video movie,103.0,Drama,English,Arthur Muhammad,Arthur Muhammad
2360285,The Damned,2006,video movie,153.0,"Drama, Lgbtq+",Italian,Luchino Visconti,"Nicola Badalucco,Enrico Medioli,Luchino Visconti"
2252091,Royal Faceoff,2006,video movie,105.0,Drama,English,Stuart M. Pepper,"Stuart M. Pepper,Michael Sausville"
2424652,The Voices,2006,video movie,103.0,"Comedy, Horror, Mystery & thriller",English,Marjane Satrapi,Michael R. Perry
2425956,The Web,2009,video movie,87.0,"Crime, Drama",English,Michael Gordon,
1838999,Dom,2004,video movie,,,,Unknown Director,
1779757,Closure,2010,video movie,67.0,Drama,English,Joseph Hovsepian,Joseph Hovsepian
2176010,One Night Stand,2009,video movie,102.0,Drama,English,Mike Figgis,Mike Figgis
2250239,Roommates,2010,video movie,108.0,Drama,English,Peter Yates,
2380958,The Invisible,2009,video movie,84.0,"Comedy, Drama",Spanish (Spain),Gracia Querejeta,
1890560,Final Stab,2001,video movie,81.0,"Horror, Mystery & thriller",English,David DeCoteau,"David DeCoteau,Matthew Jason Walsh"
2376371,The Hard Corps,2006,video movie,110.0,Action,English,Sheldon Lettich,"Sheldon Lettich,George Saunders"
2346509,The Awakening,2005,video movie,97.0,Romance,English,George Bloomfield,
1715008,Basket Case,2011,video movie,75.0,Documentary,Finnish,Oskari Pastila,Oskari Pastila
2088975,Lucid,2006,video movie,86.0,Mystery & thriller,English (United Kingdom),Adam Morse,Adam Morse
2506784,Worlds Apart,2012,video movie,108.0,Drama,Danish,Niels Arden Oplev,"Steen Bille,Niels Arden Oplev"
1734402,Blind,2004,video movie,111.0,Mystery & thriller,Korean,Ahn Sang-hoon,Choi Min-seok
1842353,Double Cross,1999,video movie,8.0,"Crime, Drama",English,"Sam Bradford,Kyla Frye",
2184001,Outside,2010,video movie,85.0,Drama,English,Farahd Abdullah Wallizada,Farahd Abdullah Wallizada
2222120,Psyclops,2002,video movie,93.0,"Horror, Sci-fi",English,Brett Piper,Brett Piper
